"Year","Rank","Book_Title","Author","Rating","Num_Customers_Rated","Price"
2010,1,"The Girl Who Kicked the Hornet's Nest (Millennium Trilogy)","Stieg Larsson",4.7,8475,17.24
2010,2,"The Girl with the Dragon Tattoo (Millennium Series)","Stieg Larsson",4.4,11516,9.99
2010,3,"Decision Points","George W. Bush",4.6,2201,17.8
2010,4,"The Help","Kathryn Stockett",4.8,14772,14.97
2010,5,"The Girl Who Played with Fire (Millennium Series)","Stieg Larsson",4.7,7949,0.02
2010,6,"The Ugly Truth (Diary of a Wimpy Kid, Book 5)","Jeff Kinney",4.8,5312,9.52
2010,7,"StrengthsFinder 2.0","Tom Rath",4,5517,15.79
2010,8,"Mockingjay (The Hunger Games)","Suzanne Collins",4.5,28849,8.79
2010,9,"Women Food and God: An Unexpected Path to Almost Everything","Geneen Roth",4.3,1484,12.44
2010,10,"Publication Manual of the American Psychological Association, 6th Edition","American Psychological Association",4.5,10383,15.99
2010,11,"Autobiography of Mark Twain, Vol. 1","Mark Twain",4.2,526,28.05
2010,12,"The Big Short: Inside the Doomsday Machine","Michael Lewis",4.7,3943,18.75
2010,13,"Food Rules: An Eater's Manual","Michael Pollan",4.5,1760,0.35
2010,14,"Unbroken: A World War II Story of Survival, Resilience, and Redemption","Laura Hillenbrand",4.8,30700,20.98
2010,15,"Dead in the Family (Sookie Stackhouse/True Blood, Book 10)","Charlaine Harris",4.4,2214,12.59
2010,16,"Sh*t My Dad Says","Justin Halpern",4.7,1397,0.99
2010,17,"Crazy Love: Overwhelmed by a Relentless God","Francis Chan",4.7,1664,14.98
2010,18,"The Short Second Life of Bree Tanner: An Eclipse Novella (The Twilight Saga)","Stephenie Meyer",4.7,3291,18.79
2010,19,"Life","Keith Richards",4.5,3153,20.49
2010,20,"Cutting for Stone","Abraham Verghese",4.6,5286,7.59
2010,21,"The Daily Show with Jon Stewart Presents Earth (The Book): A Visitor's Guide to the Human Race","Jon Stewart",4.5,483,16.28
2010,22,"The Official SAT Study Guide","The College Board",4.4,1323,0.59
2010,23,"Game Change: Obama and the Clintons, McCain and Palin, and the Race of a Lifetime","John Heilemann",4.4,1272,12.79
2010,24,"The Immortal Life of Henrietta Lacks","Rebecca Skloot",4.7,11370,2.06
2010,25,"The Lost Hero (Heroes of Olympus, Book 1)","Rick Riordan",4.8,5636,17.97
2010,26,"Teach Like a Champion: 49 Techniques that Put Students on the Path to College","Doug Lemov",4.5,704,19.9
2010,27,"Outliers: The Story of Success","Malcolm Gladwell",4.7,13499,20.54
2010,28,"Catching Fire (The Hunger Games)","Suzanne Collins",4.7,24700,11.57
2010,29,"The Five Dysfunctions of a Team: A Leadership Fable","Patrick Lencioni",4.6,3792,19.54
2010,30,"Good to Great: Why Some Companies Make the Leap and Others Don't","Jim Collins",4.5,3918,13.99
2010,31,"Three Cups of Tea: One Man's Mission to Promote Peace - One School at a Time","Greg Mortenson",4.4,3364,0.01
2010,32,"The Road to Serfdom: Text and Documents--The Definitive Edition (The Collected Works of F. A. Hayek, Volume 2)","Hayek",4.7,1459,14.19
2010,33,"The Confession: A Novel","John Grisham",4.4,3855,15.29
2010,34,"Delivering Happiness: A Path to Profits, Passion, and Purpose","Tony Hsieh",4.6,2009,23.51
2010,35,"A Patriot's History of the United States: From Columbus's Great Discovery to the War on Terror","Larry Schweikart",4.6,496,3.58
2010,36,"The Last Olympian (Percy Jackson and the Olympians, Book 5)","Rick Riordan",4.8,6450,16.49
2010,37,"Switch: How to Change Things When Change Is Hard","Chip Heath",4.6,2383,14.49
2010,38,"The Art of Racing in the Rain: A Novel","Garth Stein",4.7,13039,0.94
2010,39,"The 5 Love Languages: The Secret to Love That Lasts","Gary Chapman",4.7,3929,19.6
2010,40,"Broke: The Plan to Restore Our Trust, Truth and Treasure","Glenn Beck",4.5,486,11.39
2010,41,"Drive: The Surprising Truth About What Motivates Us","Daniel H. Pink",4.5,3260,2.06
2010,42,"The Red Pyramid (The Kane Chronicles, Book 1)","Rick Riordan",4.7,2640,0.36
2010,43,"Percy Jackson and the Olympians Paperback Boxed Set (Books 1-3)","Rick Riordan",4.8,652,1.98
2010,44,"Little Bee: A Novel","Chris Cleave",4.1,1545,10.49
2010,45,"Barefoot Contessa, How Easy Is That?: Fabulous Recipes & Easy Tips","Ina Garten",4.7,756,22.88
2010,46,"George Washington's Sacred Fire","Peter A. Lillback",4.5,462,1
2010,47,"Radical: Taking Back Your Faith from the American Dream","David Platt",4.7,2241,0.25
2010,48,"Towers of Midnight (Wheel of Time, Book Thirteen)","Robert Jordan",4.8,2802,4.75
2010,49,"Sarah's Key","Tatiana de Rosnay",4.6,3951,10.48
2010,50,"The Hunger Games","Suzanne Collins",4.7,34030,9.96
2010,51,"The 7 Habits of Highly Effective People: Powerful Lessons in Personal Change","Stephen R. Covey",4.6,10715,33.77
2010,52,"Cleopatra: A Life","Stacy Schiff",4.1,1175,11
2010,53,"Freedom: A Novel","Jonathan Franzen",3.7,1969,17
2010,54,"Freedom","Jonathan Franzen",3.7,1969,10.08
2010,55,"Born to Run: A Hidden Tribe, Superathletes, and the Greatest Race the World Has Never Seen","Christopher McDougall",4.7,7586,29.99
2010,56,"Fall of Giants (The Century Trilogy)","Ken Follett",4.5,12304,35
2010,57,"Eat, Pray, Love: One Woman's Search for Everything Across Italy, India and Indonesia","Elizabeth Gilbert",4.3,6353,12.69
2010,58,"Eat Pray Love: One Woman's Search for Everything Across Italy, India and Indonesia","Elizabeth Gilbert",4.3,6353,8.99
2010,59,"Tao I: The Way of All Life","Zhi Gang Sha Dr.",4.3,75,23.69
2010,60,"The Checklist Manifesto: How to Get Things Right","Atul Gawande",4.6,3812,23.8
2010,61,"Chelsea Chelsea Bang Bang","Chelsea Handler",4.4,870,11.89
2010,62,"Let the Great World Spin: A Novel","Colum McCann",4.3,1249,11.58
2010,63,"The Pioneer Woman Cooks: Recipes from an Accidental Country Girl","Ree Drummond",4.8,3923,14.98
2010,64,"The Tipping Point: How Little Things Can Make a Big Difference","Malcolm Gladwell",4.4,3965,0.94
2010,65,"The Omnivore's Dilemma: A Natural History of Four Meals","Michael Pollan",4.6,2534,0.94
2010,66,"The Belly Fat Cure: Discover the New Carb Swap System™ and Lose 4 to 9 lbs. Every Week","Jorge Cruise",4.1,937,17.95
2010,67,"The Battle of the Labyrinth (Percy Jackson and the Olympians, Book 4)","Rick Riordan",4.8,5727,0.94
2010,68,"The 4-Hour Workweek: Escape 9-5, Live Anywhere, and Join the New Rich","Timothy Ferriss",4.5,10766,8.19
2010,69,"Full Dark, No Stars","Stephen King",4.6,2423,1.33
2010,70,"Sizzling Sixteen (Stephanie Plum Novels)","Janet Evanovich",4.5,1906,0.5
2010,71,"The Grand Design","Stephen Hawking",4.4,2006,19.95
2010,72,"The Overton Window","Glenn Beck",4.5,1095,12.31
2010,73,"Jesus Calling: Enjoying Peace in His Presence (with Scripture References)","Sarah Young",4.9,21922,7.26
2010,74,"Spoken from the Heart","Laura Bush",4.6,563,14
2010,75,"Diary of a Wimpy Kid Do-it-yourself Book","Jeff Kinney",4.7,4628,19
2010,76,"The Book of Awakening: Having the Life You Want by Being Present to the Life You Have","Mark Nepo",4.7,2475,26.08
2010,77,"Mastering the Art of French Cooking, Volume I: 50th Anniversary Edition: A Cookbook","Julia Child",4.8,3740,9.63
2010,78,"Safe Haven","Nicholas Sparks",4.7,8952,17.89
2010,79,"Change Your Brain, Change Your Body: Use Your Brain to Get and Keep the Body You Have Always Wanted","Daniel G. Amen",4.4,610,11.75
2010,80,"The Kind Diet: A Simple Guide to Feeling Great, Losing Weight, and Saving the Planet","Alicia Silverstone",4.5,1264,18.41
2010,81,"Decoded","Jay-Z",4.7,965,41.08
2010,82,"The Glass Castle: A Memoir","Jeannette Walls",4.6,11053,1.55
2010,83,"The Shack: Where Tragedy Confronts Eternity","William P. Young",4.7,20680,8.25
2010,84,"Breaking Dawn (The Twilight Saga, Book 4)","Stephenie Meyer",4.7,11686,16.18
2010,85,"Sookie Stackhouse 8-copy Boxed Set (Sookie Stackhouse / Southern Vampire)","Charlaine Harris",4.7,1083,17.5
2010,86,"The Guernsey Literary and Potato Peel Pie Society","Mary Ann Shaffer",4.7,10026,0.94
2010,87,"Hotel on the Corner of Bitter and Sweet","Jamie Ford",4.6,4464,13.14
2010,88,"The 4 Hour Body: An Uncommon Guide to Rapid Fat Loss, Incredible Sex and Becoming Superhuman","Timothy Ferriss",4.4,5152,22
2010,89,"Crucial Conversations: Tools for Talking When Stakes are High","Kerry Patterson",4.6,594,16.99
2010,90,"Happy Ever After (Bride Quartet, Book 4)","Nora Roberts",4.7,1156,9.76
2010,91,"A Guide to the Project Management Body of Knowledge","Project Management Institute",4.3,611,17.89
2010,92,"Savor the Moment (The Bride Quartet, Book 3)","Nora Roberts",4.7,1098,14.99
2010,93,"The Book Thief","Markus Zusak",4.6,25974,0.35
2010,94,"The Catcher in the Rye","J. D. Salinger",4.5,14641,6.82
2010,95,"The China Study: The Most Comprehensive Study of Nutrition Ever Conducted And the Startling Implications for Diet…","Thomas Campbell",4.7,4849,16.17
2010,96,"American Assassin: A Thriller (A Mitch Rapp Novel)","Vince Flynn",4.6,4049,17.12
2010,97,"Rework","Jason Fried",4.5,2667,21.78
2010,98,"In Defense of Food: An Eater's Manifesto","Michael Pollan",4.6,1884,13.69
2010,99,"Squirrel Seeks Chipmunk: A Modest Bestiary","David Sedaris",3.9,740,17.89
2010,100,"Who Moved My Cheese","Spencer Johnson",4.6,9491,8.84
2011,1,"Steve Jobs: The Exclusive Biography","Walter Isaacson",4.6,8489,16.85
2011,2,"Heaven is for Real: A Little Boy's Astounding Story of His Trip to Heaven and Back","Todd Burpo",4.7,16128,7.54
2011,3,"Cabin Fever (Diary of a Wimpy Kid, Book 6)","Jeff Kinney",4.8,5919,15.99
2011,4,"StrengthsFinder 2.0","Tom Rath",4,5517,15.79
2011,5,"The Hunger Games (Book 1)","Suzanne Collins",4.7,34030,8.79
2011,6,"Unbroken: A World War II Story of Survival, Resilience, and Redemption","Laura Hillenbrand",4.8,30700,20.98
2011,7,"Inheritance: Book IV (Inheritance Cycle)","Christopher Paolini",4.6,6104,18.8
2011,8,"Go the F**k to Sleep","Adam Mansbach",4.8,12832,12.58
2011,9,"Mockingjay (The Hunger Games)","Suzanne Collins",4.5,28849,8.79
2011,10,"Game of Thrones Boxed Set: A Game of Thrones/A Clash of Kings/A Storm of Swords/A Feast for Crows","George R.R. Martin",4.6,5840,3.71
2011,11,"Catching Fire (The Hunger Games)","Suzanne Collins",4.7,24700,11.57
2011,12,"The 17 Day Diet: A Doctor's Plan Designed for Rapid Results","Mike Moreno",4.3,2512,20.99
2011,13,"A Dance with Dragons (A Song of Ice and Fire)","George R. R. Martin",4.4,13750,20.98
2011,14,"The Son of Neptune (Heroes of Olympus, Book 2)","Rick Riordan",4.8,5540,1
2011,15,"Killing Lincoln: The Shocking Assassination that Changed America Forever (Bill O'Reilly's Killing Series)","Bill O'Reilly",4.7,9690,19.99
2011,16,"Publication Manual of the American Psychological Association, 6th Edition","American Psychological Association",4.5,10383,15.99
2011,17,"The Help","Kathryn Stockett",4.8,14772,9
2011,18,"The Immortal Life of Henrietta Lacks","Rebecca Skloot",4.7,11370,0.94
2011,19,"11/22/63: A Novel","Stephen King",4.7,2253,3.15
2011,20,"The Official SAT Study Guide","The College Board",4.4,1323,0.59
2011,21,"Jesus Calling: Enjoying Peace in His Presence (with Scripture References)","Sarah Young",4.9,21922,7.26
2011,22,"The Hunger Games Trilogy Boxed Set (1)","Suzanne Collins",4.8,19765,3.99
2011,23,"Cutting for Stone","Abraham Verghese",4.6,5286,7.59
2011,24,"Tina Fey: Bossypants","Tina Fey",4.3,6531,15.36
2011,25,"The 4 Hour Body: An Uncommon Guide to Rapid Fat Loss, Incredible Sex and Becoming Superhuman","Timothy Ferriss",4.4,5152,22
2011,26,"In the Garden of Beasts: Love, Terror, and an American Family in Hitler's Berlin","Eric Larson",4.5,5157,29.89
2011,27,"The 5 Love Languages: The Secret to Love That Lasts","Gary Chapman",4.7,3929,19.6
2011,28,"Crazy Love: Overwhelmed by a Relentless God","Francis Chan",4.7,1664,14.98
2011,29,"A Stolen Life: A Memoir","Jaycee Dugard",4.7,4612,19.95
2011,30,"The Girl Who Kicked the Hornet's Nest (Millennium Trilogy)","Stieg Larsson",4.7,8475,17.24
2011,31,"Water for Elephants: A Novel","Sara Gruen",4.6,9256,12.34
2011,32,"The Five Dysfunctions of a Team: A Leadership Fable","Patrick Lencioni",4.6,3792,19.54
2011,33,"The Lego Ideas Book: Unlock Your Imagination","Daniel Lipkowitz",4.4,5753,21.15
2011,34,"One Thousand Gifts: A Dare to Live Fully Right Where You Are","Ann Voskamp",4.6,3575,13.21
2011,35,"The 7 Habits of Highly Effective People: Powerful Lessons in Personal Change","Stephen R. Covey",4.6,10715,33.77
2011,36,"The Dukan Diet: 2 Steps to Lose the Weight, 2 Steps to Keep It Off Forever","Pierre Dukan",4.1,2202,16.94
2011,37,"The Throne of Fire (The Kane Chronicles, Book 2)","Rick Riordan",4.8,1915,14.2
2011,38,"Dead Reckoning (Sookie Stackhouse/True Blood, Book 11)","Charlaine Harris",4.3,2410,14.17
2011,39,"Good to Great: Why Some Companies Make the Leap and Others Don't","Jim Collins",4.5,3918,13.99
2011,40,"The Litigators","John Grisham",4.4,6870,16.71
2011,41,"Love Wins: A Book About Heaven, Hell, and the Fate of Every Person Who Ever Lived","Rob Bell",4.3,1780,19.96
2011,42,"The Help","Kathryn Stockett",4.8,14772,7.59
2011,43,"Thinking, Fast and Slow","Daniel Kahneman",4.6,14675,20.49
2011,44,"The Paris Wife: A Novel","Paula McLain",4.4,4026,23.94
2011,45,"Radical: Taking Back Your Faith from the American Dream","David Platt",4.7,2241,0.25
2011,46,"The Art of Racing in the Rain: A Novel","Garth Stein",4.7,13039,0.94
2011,47,"Teach Like a Champion: 49 Techniques that Put Students on the Path to College","Doug Lemov",4.5,704,19.9
2011,48,"Eat to Live: The Amazing Nutrient-Rich Program for Fast and Sustained Weight Loss, Revised Edition","Joel Fuhrman MD",4.5,7406,0.35
2011,49,"The China Study: The Most Comprehensive Study of Nutrition Ever Conducted And the Startling Implications for Diet…","Thomas Campbell",4.7,4849,16.17
2011,50,"What to Expect When You're Expecting","Heidi Murkoff",4.4,3467,14.99
2011,51,"The Best of Me","Nicholas Sparks",4.6,6112,20.46
2011,52,"Jacqueline Kennedy: Historic Conversations on Life with John F. Kennedy","Jacqueline Kennedy",4.3,525,19.88
2011,53,"The Girl with the Dragon Tattoo (Millennium Series)","Stieg Larsson",4.4,11516,9.99
2011,54,"The Greater Journey: Americans in Paris","David McCullough",4.5,1204,33
2011,55,"Switch: How to Change Things When Change Is Hard","Chip Heath",4.6,2383,14.49
2011,56,"Every Thing On It","Shel Silverstein",4.9,928,1.99
2011,57,"Miss Peregrine's Home for Peculiar Children","Ransom Riggs",4.4,10925,14.16
2011,58,"Moonwalking With Einstein: The Art and Science of Remembering Everything","Joshua Foer",4.5,3365,2.21
2011,59,"The Great Gatsby","F. Scott Fitzgerald",4.4,10814,8.74
2011,60,"The Help","Kathryn Stockett",4.8,14772,14.97
2011,61,"1Q84: A novel","Haruki Murakami",4.3,2711,25.43
2011,62,"Boomerang: Travels in the New Third World","Michael Lewis",4.4,1448,15.99
2011,63,"Who Moved My Cheese","Spencer Johnson",4.6,9491,8.84
2011,64,"Strengths Based Leadership: Great Leaders, Teams, and Why People Follow","Tom Rath",4.5,1647,21.97
2011,65,"Elder Scrolls V: Skyrim: Prima Official Game Guide","David Hodgson",4.6,1320,51.99
2011,66,"The Glass Castle: A Memoir","Jeannette Walls",4.6,11053,1.55
2011,67,"The Book Thief","Markus Zusak",4.6,25974,0.35
2011,68,"The 4-Hour Workweek: Escape 9-5, Live Anywhere, and Join the New Rich","Timothy Ferriss",4.5,10766,8.19
2011,69,"Oh, the Places You'll Go!","Dr. Seuss",4.9,16856,8.98
2011,70,"Through My Eyes","Tim Tebow",4.7,813,15.7
2011,71,"The Land of Painted Caves: A Novel (Earth's Children)","Jean M. Auel",3.9,4434,28
2011,72,"The Social Animal: The Hidden Sources of Love, Character, and Achievement","David Brooks",4.3,684,21.53
2011,73,"A Guide to the Project Management Body of Knowledge","Project Management Institute",4.3,611,17.89
2011,74,"Guinness World Records 2012","Guinness World Records",4.5,395,1.5
2011,75,"State of Wonder","Ann Patchett",4.1,2574,25.98
2011,76,"A Visit from the Goon Squad","Jennifer Egan",3.9,1929,12.68
2011,77,"Prevent and Reverse Heart Disease: The Revolutionary, Scientifically Proven, Nutrition-Based Cure","Caldwell B. Esselstyn Jr.",4.6,3773,1.98
2011,78,"Harry Potter Paperback Box Set (Books 1-7)","J. K. Rowling",4.8,30952,40
2011,79,"Explosive Eighteen: A Stephanie Plum Novel (Stephanie Plum Novels)","Janet Evanovich",4.5,2825,15
2011,80,"The 7 Habits of Highly Effective Teens: The Ultimate Teenage Success Guide","Sean Covey",4.6,6074,13.66
2011,81,"Delivering Happiness: A Path to Profits, Passion, and Purpose","Tony Hsieh",4.6,2009,23.51
2011,82,"The Lost Hero (Heroes of Olympus, Book 1)","Rick Riordan",4.8,5636,17.97
2011,83,"Room","Emma Donoghue",4.4,7920,11.88
2011,84,"Hotel on the Corner of Bitter and Sweet","Jamie Ford",4.6,4464,13.14
2011,85,"The Tipping Point: How Little Things Can Make a Big Difference","Malcolm Gladwell",4.4,3965,0.94
2011,86,"Emotional Intelligence 2.0","Travis Bradberry",4.5,5981,13.67
2011,87,"Outliers: The Story of Success","Malcolm Gladwell",4.7,13499,7.79
2011,88,"Forks Over Knives: The Plant-Based Way to Health","Gene Stone",4.6,2025,7.86
2011,89,"The Girl Who Played with Fire (Millennium Series)","Stieg Larsson",4.7,7949,0.02
2011,90,"Hungry Girl 300 Under 300: 300 Breakfast, Lunch & Dinner Dishes Under 300 Calories","Lisa Lillien",4.4,940,1.61
2011,91,"The Alchemist","Paulo Coelho",4.7,41984,37.9
2011,92,"Getting Things Done: The Art of Stress-Free Productivity","David Allen",4.5,3585,0.35
2011,93,"The Invention of Hugo Cabret","Brian Selznick",4.8,1778,17.29
2011,94,"Now, Discover Your Strengths: The revolutionary Gallup program that shows you how to develop your unique talents and…","Gallup",3.5,709,18.12
2011,95,"Drive: The Surprising Truth About What Motivates Us","Daniel H. Pink",4.5,3260,2
2011,96,"Smokin' Seventeen (Stephanie Plum)","Janet Evanovich",4.6,2227,17.99
2011,98,"The Big Short: Inside the Doomsday Machine","Michael Lewis",4.7,3943,1.9
2011,99,"Born to Run: A Hidden Tribe, Superathletes, and the Greatest Race the World Has Never Seen","Christopher McDougall",4.7,7586,1.14
2011,100,"The Official Guide for GMAT Review","GMAC (Graduate Management Admission",4.4,254,1.45
2012,1,"Fifty Shades of Grey: Book One of the Fifty Shades Trilogy (Fifty Shades of Grey Series)","E L James",3.9,51218,13.82
2012,2,"Fifty Shades Darker","E L James",4.4,26461,0.32
2012,3,"Fifty Shades Freed: Book Three of the Fifty Shades Trilogy (Fifty Shades of Grey Series) (English Edition)","E L James",4.5,22433,11.73
2012,4,"The Hunger Games (Book 1)","Suzanne Collins",4.7,34038,8.79
2012,5,"StrengthsFinder 2.0","Tom Rath",4,5520,15.79
2012,6,"Fifty Shades Trilogy (Fifty Shades of Grey / Fifty Shades Darker / Fifty Shades Freed)","E L James",4.5,29066,23.71
2012,7,"Catching Fire (The Hunger Games)","Suzanne Collins",4.7,24714,11.57
2012,8,"Mockingjay (The Hunger Games)","Suzanne Collins",4.5,28858,8.79
2012,9,"The Third Wheel (Diary of a Wimpy Kid, Book 7)","Jeff Kinney",4.7,7679,13.95
2012,10,"No Easy Day: The Autobiography of a Navy Seal: The Firsthand Account of the Mission That Killed Osama Bin Laden","Mark Owen",4.6,8491,23.75
2012,11,"The Hunger Games Trilogy Boxed Set (1)","Suzanne Collins",4.8,19781,3.99
2012,12,"Gone Girl","Gillian Flynn",4,59506,18.48
2012,13,"The Mark of Athena (Heroes of Olympus, Book 3)","Rick Riordan",4.8,7743,1.8
2012,14,"The Official SAT Study Guide","The College Board",4.4,1323,0.59
2012,15,"Game of Thrones Boxed Set: A Game of Thrones/A Clash of Kings/A Storm of Swords/A Feast for Crows","George R.R. Martin",4.6,5841,3.72
2012,16,"Killing Kennedy: The End of Camelot","Bill O'Reilly",4.6,8933,19.82
2012,17,"Publication Manual of the American Psychological Association, 6th Edition","American Psychological Association",4.5,10390,15.99
2012,18,"Killing Lincoln: The Shocking Assassination that Changed America Forever (Bill O'Reilly's Killing Series)","Bill O'Reilly",4.7,9695,19.99
2012,19,"Unbroken: A World War II Story of Survival, Resilience, and Redemption","Laura Hillenbrand",4.8,30706,20.98
2012,20,"Proof of Heaven: A Neurosurgeon's Journey into the Afterlife","Eben Alexander",4.3,14169,0.35
2012,21,"The 5 Love Languages: The Secret to Love That Lasts","Gary Chapman",4.7,3931,19.6
2012,22,"Barefoot Contessa Foolproof: Recipes You Can Trust: A Cookbook","Ina Garten",4.8,1527,4.88
2012,23,"Thinking, Fast and Slow","Daniel Kahneman",4.6,14701,20.49
2012,24,"The Casual Vacancy","J.K. Rowling",3.3,9729,16.95
2012,25,"The Harbinger: The Ancient Mystery that Holds the Secret of America's Future","Jonathan Cahn",4.7,13699,2.19
2012,26,"The Power of Habit: Why We Do What We Do in Life and Business","Charles Duhigg",4.6,13109,19.47
2012,27,"Steve Jobs: The Exclusive Biography","Walter Isaacson",4.6,8492,16.85
2012,28,"Wheat Belly: Lose the Wheat, Lose the Weight, and Find Your Path Back to Health","William Davis",4.4,7876,10.15
2012,29,"Oh, the Places You'll Go!","Dr. Seuss",4.9,16860,8.98
2012,30,"The 7 Habits of Highly Effective People: Powerful Lessons in Personal Change","Stephen R. Covey",4.6,10721,33.97
2012,31,"The Five Dysfunctions of a Team: A Leadership Fable","Patrick Lencioni",4.6,3794,19.54
2012,32,"Quiet: The Power of Introverts in a World That Can't Stop Talking","Susan Cain",4.6,12045,19.1
2012,33,"The Great Gatsby","F. Scott Fitzgerald",4.4,10819,8.74
2012,34,"The Racketeer","John Grisham",4.3,15885,22.17
2012,35,"The Blood Sugar Solution: The UltraHealthy Program for Losing Weight, Preventing Disease, and Feeling Great Now!","Mark Hyman M.D.",4.3,1990,20.84
2012,36,"Goodnight, Goodnight Construction Site (Hardcover Books for Toddlers, Preschool Books for Kids)","Sherri Duskey Rinker",4.9,9879,0.47
2012,37,"The Immortal Life of Henrietta Lacks","Rebecca Skloot",4.7,11378,0.94
2012,38,"The Fault in Our Stars","John Green",4.7,52620,12.99
2012,39,"The Serpent's Shadow (The Kane Chronicles, Book 3)","Rick Riordan",4.8,2704,17.15
2012,40,"One Thousand Gifts: A Dare to Live Fully Right Where You Are","Ann Voskamp",4.6,3578,13.21
2012,41,"Wild: From Lost to Found on the Pacific Crest Trail","Cheryl Strayed",4.5,18573,20.09
2012,42,"Winter of the World: Book Two of the Century Trilogy","Ken Follett",4.6,12146,23.99
2012,43,"The Pioneer Woman Cooks: Food from My Frontier","Ree Drummond",4.8,3347,3.73
2012,44,"The Lego Ideas Book: Unlock Your Imagination","Daniel Lipkowitz",4.4,5770,21.15
2012,45,"Heaven is for Real: A Little Boy's Astounding Story of His Trip to Heaven and Back","Todd Burpo",4.7,16129,7.54
2012,46,"Jesus Calling: Enjoying Peace in His Presence (with Scripture References)","Sarah Young",4.9,21947,7.26
2012,47,"Eat to Live: The Amazing Nutrient-Rich Program for Fast and Sustained Weight Loss, Revised Edition","Joel Fuhrman MD",4.5,7408,0.35
2012,48,"Thomas Jefferson: The Art of Power","Jon Meacham",4.6,2150,32.99
2012,49,"Good to Great: Why Some Companies Make the Leap and Others Don't","Jim Collins",4.5,3919,13.99
2012,50,"The Amateur","Edward Klein",4.5,2624,8.98
2012,51,"The Smitten Kitchen Cookbook: Recipes and‚Ä¶","Deb Perelman",4.7,1378,19.69
2012,52,"What to Expect When You're Expecting","Heidi Murkoff",4.4,3468,14.99
2012,53,"The Walking Dead: Compendium One","Robert Kirkman",4.8,4795,5.78
2012,54,"The Signal and the Noise: Why So Many‚Ä¶","Nate Silver",4.4,1524,21.88
2012,55,"How to Tell If Your Cat Is Plotting to Kill You‚Ä¶","The Oatmeal",4.5,6818,8.32
2012,56,"A Dance with Dragons (A Song of Ice and Fire)","George R. R. Martin",4.4,13757,20.98
2012,57,"America Again: Re-becoming the Greatness We‚Ä¶","Stephen Colbert",4.3,543,17.95
2012,58,"LEGO NINJAGO: Character Encyclopedia","DK Publishing",4.7,791,2.25
2012,59,"American Sniper: The Autobiography of the Most‚Ä¶","Chris Kyle",4.6,16864,18.96
2012,60,"Outliers: The Story of Success","Malcolm Gladwell",4.7,13528,7.79
2012,61,"Teach Like a Champion: 49 Techniques that Put‚Ä¶","Doug Lemov",4.5,705,19.9
2012,62,"Bared to You","Sylvia Day",4.3,10507,10
2012,63,"The Four Agreements: A Practical Guide to‚Ä¶","Don Miguel Ruiz",4.7,37112,5.72
2012,64,"Strengths Based Leadership: Great Leaders,‚Ä¶","Tom Rath",4.5,1655,18.99
2012,65,"The 17 Day Diet: A Doctor's Plan Designed for‚Ä¶","Mike Moreno",4.3,2514,20.99
2012,66,"Crazy Love: Overwhelmed by a Relentless God","Francis Chan",4.7,1664,14.98
2012,67,"Go the F**k to Sleep","Adam Mansbach",4.8,12852,12.58
2012,68,"Bring Up the Bodies","Hilary Mantel",4.5,5796,21.08
2012,69,"Great by Choice: Uncertainty, Chaos, and Luck‚Ä¶","Jim Collins",4.6,819,16.98
2012,70,"Eat to Live: The Amazing Nutrient-Rich Program‚Ä¶","Joel Fuhrman MD",4.5,7409,1.35
2012,71,"Reflected in You (Crossfire, Book 2)","Sylvia Day",4.6,9417,13.66
2012,72,"Who Moved My Cheese","Spencer Johnson",4.6,9496,8.84
2012,73,"The Book Thief","Markus Zusak",4.6,26,0.35
2012,74,"A Guide to the Project Management Body of‚Ä¶","Project Management Institute",4.3,611,17.89
2012,75,"Behind the Beautiful Forevers: Life, Death, and‚Ä¶","Katherine Boo",4.3,3009,19.24
2012,76,"Deadlocked (Sookie Stackhouse/True Blood,‚Ä¶","Charlaine Harris",4.3,3138,13
2012,77,"Crucial Conversations Tools for Talking When‚Ä¶","Kerry Patterson",4.6,5427,16.99
2012,78,"Forks Over Knives: The Plant-Based Way to Health","Gene Stone",4.6,2027,7.86
2012,79,"The Jesus Storybook Bible: Every Story Whispers‚Ä¶","Sally Lloyd-Jones",4.9,687,10.99
2012,80,"Notorious Nineteen: A Stephanie Plum Novel","Janet Evanovich",4.5,6243,15
2012,81,"The 4-Hour Chef: The Simple Path to Cooking‚Ä¶","Timothy Ferriss",4.5,248,34.55
2012,82,"Cloud Atlas","David Mitchell",4.2,414,1.49
2012,83,"The Alchemist","Paulo Coelho",4.7,42046,37.9
2012,84,"The Hunger Games","Suzanne Collins",4.7,34046,9.96
2012,85,"Help, Thanks, Wow: The Three Essential Prayers","Anne Lamott",4.6,1447,1.6
2012,86,"Wonder","R. J. Palacio",4.8,26081,0.35
2012,87,"Stop Living In This Land, Go To The Everlasting‚Ä¶","Woo Myung",3.8,43,18.59
2012,88,"To Heaven and Back: A Doctor's Extraordinary‚Ä¶","Mary C. Neal",4.5,3809,14.69
2012,89,"Forks Over Knives‚ÄïThe Cookbook: Over 300‚Ä¶","Del Sroufe",4.5,8717,11.49
2012,90,"Catching Fire (Hunger Games)","Suzanne Collins",4.7,24721,10.98
2012,91,"A Memory of Light (Wheel of Time, Book 14)‚Ä¶","Robert Jordan",4.7,6755,3.99
2012,92,"Cabin Fever (Diary of a Wimpy Kid, Book 6)","Jeff Kinney",4.8,5926,15.99
2012,93,"The 7 Habits of Highly Effective Teens: The‚Ä¶","Sean Covey",4.6,609,13.66
2012,94,"The Passage of Power: The Years of Lyndon‚Ä¶","Robert A. Caro",4.7,1144,42.97
2012,95,"The Pioneer Woman Cooks: Recipes from an‚Ä¶","Ree Drummond",4.8,3926,14.98
2012,96,"Divine Healing Hands: Experience Divine Power‚Ä¶","Zhi Gang Sha Dr.",4.6,122,13.5
2012,97,"The China Study: The Most Comprehensive‚Ä¶","Thomas Campbell",4.7,485,16.17
2012,99,"The Meaning of Marriage: Facing the‚Ä¶","Timothy Keller",4.8,3729,13.54
2012,100,"Night (Night)","Elie Wiesel",4.7,5562,8.78
2013,1,"StrengthsFinder 2.0","Tom Rath",4,5517,15.79
2013,2,"Lean In: Women, Work, and the Will to Lead","Sheryl Sandberg",4.5,6611,0.99
2013,3,"Diary of a Wimpy Kid: Hard Luck, Book 8","Jeff Kinney",4.8,8316,22.99
2013,4,"Rush Revere and the Brave Pilgrims: Time-Travel Adventures with Exceptional Americans (1)","Rush Limbaugh",4.9,7818,0.52
2013,5,"Jesus Calling: Enjoying Peace in His Presence (with Scripture References)","Sarah Young",4.9,21922,7.26
2013,6,"Inferno","Dan Brown",4.1,30849,14.75
2013,7,"The House of Hades (Heroes of Olympus, Book 4)","Rick Riordan",4.8,8658,1.99
2013,8,"Things That Matter: Three Decades of Passions, Pastimes and Politics [Deckled Edge]","Charles Krauthammer",4.7,7311,0.36
2013,9,"The Great Gatsby","F. Scott Fitzgerald",4.4,10814,8.74
2013,10,"Killing Jesus (Bill O'Reilly's Killing Series)","Bill O'Reilly",4.5,11909,21.44
2013,11,"Proof of Heaven: A Neurosurgeon's Journey into the Afterlife","Eben Alexander",4.3,14167,0.35
2013,12,"Diagnostic and Statistical Manual of Mental Disorders, 5th Edition: DSM-5","American Psychiatric Association",4.6,8438,152
2013,13,"The Official SAT Study Guide","The College Board",4.4,1323,0.59
2013,14,"The Fault in Our Stars","John Green",4.7,52613,12.99
2013,15,"The Book Thief","Markus Zusak",4.6,25974,0.35
2013,16,"Wonder","R. J. Palacio",4.8,26045,0.35
2013,17,"The 5 Love Languages: The Secret to Love That Lasts","Gary Chapman",4.7,3929,19.6
2013,18,"Publication Manual of the American Psychological Association, 6th Edition","American Psychological Association",4.5,10383,15.99
2013,19,"Divergent","Veronica Roth",4.6,28544,13.53
2013,20,"Laugh-Out-Loud Jokes for Kids","Rob Elliott",4.6,8030,4.24
2013,21,"Oh, the Places You'll Go!","Dr. Seuss",4.9,16856,8.98
2013,22,"David and Goliath: Underdogs, Misfits, and the Art of Battling Giants","Malcolm Gladwell",4.5,5371,19.19
2013,23,"Game of Thrones Boxed Set: A Game of Thrones/A Clash of Kings/A Storm of Swords/A Feast for Crows","George R.R. Martin",4.6,5840,3.71
2013,24,"Allegiant","Veronica Roth",4,7030,13.71
2013,25,"And the Mountains Echoed","Khaled Hosseini",4.3,12984,19.95
2013,26,"Humans of New York","Brandon Stanton",4.8,4078,22.16
2013,27,"The Legend of Zelda: Hyrule Historia","Patrick Thorpe",4.9,6306,9.95
2013,28,"Doctor Sleep: A Novel","Stephen King",4.7,18071,2.02
2013,29,"Knock-Knock Jokes for Kids","Rob Elliott",4.5,4360,4.74
2013,30,"The Goldfinch: A Novel (Pulitzer Prize for Fiction)","Donna Tartt",3.9,36012,20.99
2013,31,"The Four Agreements: A Practical Guide to Personal Freedom (A Toltec Wisdom Book)","Don Miguel Ruiz",4.7,37011,5.72
2013,32,"Gone Girl","Gillian Flynn",4,59499,18.48
2013,33,"George Washington's Secret Six: The Spy Ring That Saved the American Revolution","Brian Kilmeade",4.6,5249,23.73
2013,34,"Quiet: The Power of Introverts in a World That Can't Stop Talking","Susan Cain",4.6,12036,1.29
2013,35,"Goodnight, Goodnight Construction Site (Hardcover Books for Toddlers, Preschool Books for Kids)","Sherri Duskey Rinker",4.9,9868,0.47
2013,36,"Sycamore Row (Jake Brigance)","John Grisham",4.5,25696,37.47
2013,37,"Wheat Belly: Lose the Wheat, Lose the Weight, and Find Your Path Back to Health","William Davis",4.4,7875,10.15
2013,38,"The Pioneer Woman Cooks: A Year of Holidays: 140 Step-by-Step Recipes for Simple, Scrumptious Celebrations","Ree Drummond",4.8,3208,6.23
2013,39,"The Day the Crayons Quit","Drew Daywalt",4.8,11431,9.19
2013,40,"Happy, Happy, Happy: My Life and Legacy as the Duck Commander","Phil Robertson",4.8,4355,19.97
2013,41,"The Very Hungry Caterpillar","Eric Carle",4.9,30371,0.94
2013,42,"Daring Greatly: How the Courage to Be Vulnerable Transforms the Way We Live, Love, Parent, and Lead","Brené Brown",4.8,1639,5.48
2013,43,"The 7 Habits of Highly Effective People: Powerful Lessons in Personal Change","Stephen R. Covey",4.6,10715,33.97
2013,44,"Joyland (Hard Case Crime)","Stephen King",4.5,5120,0.94
2013,45,"Fifty Shades of Grey: Book One of the Fifty Shades Trilogy (Fifty Shades of Grey Series)","E L James",3.9,51206,13.82
2013,46,"Soul Healing Miracles: Ancient and New Sacred Wisdom, Knowledge, and Practical Techniques for Healing the Spiritual…","Zhi Gang Sha",4.6,235,12.99
2013,47,"Shred: The Revolutionary Diet: 6 Weeks 4 Inches 2 Sizes","Ian K. Smith",4.1,2525,15.99
2013,48,"Hyperbole and a Half: Unfortunate Situations, Flawed Coping Mechanisms, Mayhem, and Other Things That Happened","Allie Brosh",4.7,5891,5.63
2013,49,"To Kill a Mockingbird","Harper Lee",4.8,35375,0.35
2013,50,"The Five Dysfunctions of a Team: A Leadership Fable","Patrick Lencioni",4.6,3792,19.54
2013,51,"Unbroken: A World War II Story of Survival, Resilience, and Redemption","Laura Hillenbrand",4.8,30700,20.98
2013,52,"Ender's Game (The Ender Quintet)","Orson Scott Card",4.6,12923,7.99
2013,53,"The Gifts of Imperfection: Let Go of Who You Think You're Supposed to Be and Embrace Who You Are","Brené Brown",4.7,15647,2.48
2013,54,"The Cuckoo's Calling (A Cormoran Strike Novel, 1)","Robert Galbraith",4.1,20646,27.88
2013,55,"What to Expect When You're Expecting","Heidi Murkoff",4.4,3467,14.99
2013,56,"America the Beautiful: Rediscovering What Made This Nation Great","Ben Carson M.D.",4.8,3672,16.99
2013,57,"The Liberty Amendments: Restoring the American Republic","Mark R. Levin",4.8,3682,28.74
2013,58,"ZEALOT: The Life and Times of Jesus of Nazareth","Reza Aslan",4.4,6045,20.96
2013,59,"The One and Only Ivan","Katherine Applegate",4.8,11779,13.7
2013,60,"Good to Great: Why Some Companies Make the Leap and Others Don't","Jim Collins",4.5,3918,13.99
2013,61,"SI-COLOGY 1: Tales and Wisdom from Duck Dynasty's Favorite Uncle","Si Robertson",4.7,1770,12.99
2013,62,"IT'S ALL GOOD: Delicious, Easy Recipes That Will Make You Look Good and Feel Great","Gwyneth Paltrow",4.5,1243,34.83
2013,63,"Outliers: The Story of Success","Malcolm Gladwell",4.7,13499,7.79
2013,64,"Jerusalem: A Cookbook","Yotam Ottolenghi",4.8,3447,23.41
2013,65,"Becoming a Supple Leopard: Movement, Mobility, and Maintenance of the Human Animal","Kelly Starrett",4.8,1343,59.95
2013,66,"Grain Brain: The Surprising Truth about Wheat, Carbs, and Sugar--Your Brain's Silent Killers","David Perlmutter MD",4.6,6434,10.89
2013,67,"Looking for Alaska","John Green",4.6,10010,0.35
2013,68,"I Am Malala: The Girl Who Stood Up for Education and Was Short by the Taliban","Malala Yousafzai",4.6,6610,15.65
2013,69,"Love You Forever","Robert Munsch",4.9,26343,0.25
2013,70,"The Perks of Being a Wallflower","Stephen Chbosky",4.7,13820,0.94
2013,71,"Practical Paleo: A Customized Approach to Health and a Whole-Foods Lifestyle","Diane Sanfilippo",4.6,3716,20
2013,72,"Fifty Shades Trilogy (Fifty Shades of Grey / Fifty Shades Darker / Fifty Shades Freed)","E L James",4.5,29053,23.71
2013,73,"The FastDiet: Lose Weight, Stay Healthy, and Live Longer with the Simple Secret of Intermittent Fasting","Dr Dr Michael Mosley",4.3,9167,15
2013,74,"The Jesus Storybook Bible: Every Story Whispers His Name","Sally Lloyd-Jones",4.9,6858,10.99
2013,75,"Divergent / Insurgent","Veronica Roth",4.5,18722,16.39
2013,76,"How to Win Friends & Influence People","Dale Carnegie",4.7,33580,5.3
2013,77,"The Bully Pulpit: Theodore Roosevelt, William Howard Taft, and the Golden Age of Journalism","Doris Kearns Goodwin",4.6,2291,34.7
2013,78,"The Hunger Games (Book 1)","Suzanne Collins",4.7,34030,8.79
2013,79,"ObamaCare Survival Guide: The Affordable Care Act and What It Means for You and Your Healthcare","Nick J. Tate",3.9,975,9.99
2013,80,"The Harbinger: The Ancient Mystery that Holds the Secret of America's Future","Jonathan Cahn",4.7,13690,2.25
2013,81,"The Immortal Life of Henrietta Lacks","Rebecca Skloot",4.7,11370,0.94
2013,82,"Night (Night)","Elie Wiesel",4.7,5557,8.78
2013,83,"Fifty Shades Darker","E L James",4.4,26449,0.32
2013,84,"Eat to Live: The Amazing Nutrient-Rich Program for Fast and Sustained Weight Loss, Revised Edition","Joel Fuhrman MD",4.5,7406,0.35
2013,85,"Forks Over Knives―The Cookbook: Over 300 Recipes for Plant-Based Eating All Through the Year","Del Sroufe",4.5,8701,11.49
2013,86,"Fifty Shades Freed: Book Three of the Fifty Shades Trilogy (Fifty Shades of Grey Series) (English Edition)","E L James",4.5,22425,11.73
2013,87,"The Alchemist","Paulo Coelho",4.7,41984,37.9
2013,88,"The Catcher in the Rye","J.D. Salinger",4.5,14641,0.85
2013,89,"Mindset: The New Psychology of Success","Carol S. Dweck",4.6,7544,10.14
2013,90,"Wheat Belly Cookbook: 150 Recipes to Help You Lose the Wheat, Lose the Weight, and Find Your Path Back to Health","William Davis",4.4,1989,18.25
2013,91,"MyMathLab: Student Access Kit","Hall H Pearson Education",4.1,3530,118.72
2013,92,"The Care and Keeping of You: The Body Book for Younger Girls, Revised Edition (American Girl Library)","Valorie Schaefer",4.8,13660,0.94
2013,93,"The Power of Habit: Why We Do What We Do in Life and Business","Charles Duhigg",4.6,13094,19.47
2013,94,"The Reason I Jump: The Inner Voice of a Thirteen-Year-Old Boy with Autism","Naoki Higashida",4.6,4716,15.26
2013,95,"Strengths Based Leadership: Great Leaders, Teams, and Why People Follow","Tom Rath",4.5,1647,21.97
2013,96,"Kaplan GRE Premier 2014 with 6 Practice Tests: book + online + DVD + mobile","Kaplan",4.3,427,1.45
2013,97,"The Longest Ride","Nicholas Sparks",4.6,11311,22.26
2013,98,"Life Code: The New Rules for Winning in the Real World","Phil McGraw",4.4,3243,10.99
2013,99,"The Lego Ideas Book: Unlock Your Imagination","Daniel Lipkowitz",4.4,5753,21.15
2013,100,"A Memory of Light (Wheel of Time, Book 14) (Wheel of Time, 14)","Robert Jordan",4.7,6754,3.99
2014,1,"StrengthsFinder 2.0","Tom Rath",4,5517,15.79
2014,2,"Frozen (Little Golden Book)","RH Disney",4.7,4431,0.25
2014,3,"Laugh-Out-Loud Jokes for Kids","Rob Elliott",4.6,8030,4.24
2014,4,"The Fault in Our Stars","John Green",4.7,52613,5.99
2014,5,"Diary of a Wimpy Kid: The Long Haul","Jeff Kinney",4.8,7992,24.99
2014,6,"Killing Patton: The Strange Death of World War II's Most Audacious General (Bill O'Reilly's Killing Series)","Bill O'Reilly",4.6,11152,15
2014,7,"What If?: Serious Scientific Answers to Absurd Hypothetical Questions","Randall Munroe",4.7,11662,3.18
2014,8,"The Blood of Olympus (The Heroes of Olympus, 5)","Rick Riordan",4.8,8286,1.54
2014,9,"Jesus Calling: Enjoying Peace in His Presence (with Scripture References)","Sarah Young",4.9,21922,7.26
2014,10,"Unbroken: A World War II Story of Survival, Resilience, and Redemption","Laura Hillenbrand",4.8,30700,13.35
2014,11,"Ultimate Sticker Book: Frozen: More Than 60 Reusable Full-Color Stickers","DK",4.6,3257,1.5
2014,12,"The Day the Crayons Quit","Drew Daywalt",4.8,11431,9.19
2014,13,"Divergent","Veronica Roth",4.6,28544,13.53
2014,14,"The Fault in Our Stars","John Green",4.7,52613,12.99
2014,15,"Oh, the Places You'll Go!","Dr. Seuss",4.9,16856,8.98
2014,16,"To Kill a Mockingbird","Harper Lee",4.8,35375,0.35
2014,17,"Gone Girl","Gillian Flynn",4,59499,15.2
2014,18,"The Book Thief","Markus Zusak",4.6,25974,0.35
2014,19,"The Official SAT Study Guide","The College Board",4.4,1323,0.59
2014,20,"Humans of New York","Brandon Stanton",4.8,4078,22.16
2014,21,"The Goldfinch: A Novel (Pulitzer Prize for Fiction)","Donna Tartt",3.9,36012,20.99
2014,22,"Diagnostic and Statistical Manual of Mental Disorders, 5th Edition: DSM-5","American Psychiatric Association",4.6,8438,152
2014,23,"Wonder","R. J. Palacio",4.8,26045,0.35
2014,24,"The Book with No Pictures","B. J. Novak",4.8,10378,1.05
2014,25,"Rush Revere and the First Patriots: Time-Travel Adventures With Exceptional Americans (2)","Rush Limbaugh",4.9,4299,12.12
2014,26,"The 5 Love Languages: The Secret to Love That Lasts","Gary Chapman",4.7,3929,19.6
2014,27,"Knock-Knock Jokes for Kids","Rob Elliott",4.5,4360,4.74
2014,28,"JOURNEY TO THE ICE P","RH Disney",4.6,1022,7.11
2014,29,"Publication Manual of the American Psychological Association, 6th Edition","American Psychological Association",4.5,10383,15.99
2014,30,"Little Blue Truck","Alice Schertle",4.9,1901,0.35
2014,31,"Make It Ahead: A Barefoot Contessa Cookbook","Ina Garten",4.6,1576,22.87
2014,32,"First 100 Words","Roger Priddy",4.7,23310,4.99
2014,33,"If I Stay","Gayle Forman",4.3,8339,0.25
2014,34,"A Game of Thrones / A Clash of Kings / A Storm of Swords / A Feast of Crows / A Dance with Dragons","George R. R. Martin",4.7,23179,12.97
2014,35,"Divergent / Insurgent","Veronica Roth",4.5,18722,16.39
2014,36,"Capital in the Twenty First Century","Thomas Piketty",4.5,3317,25.49
2014,37,"Orphan Train","Christina Baker Kline",4.6,22582,11.78
2014,38,"Mindset: The New Psychology of Success","Carol S. Dweck",4.6,7544,10.14
2014,39,"How to Win Friends & Influence People","Dale Carnegie",4.7,33580,5.3
2014,40,"The Very Hungry Caterpillar","Eric Carle",4.9,30371,0.94
2014,41,"All the Light We Cannot See","Anthony Doerr",4.6,40382,14.52
2014,42,"Grain Brain: The Surprising Truth about Wheat, Carbs, and Sugar--Your Brain's Silent Killers","David Perlmutter MD",4.6,6434,10.89
2014,43,"Unbroken: A World War II Story of Survival, Resilience, and Redemption","Laura Hillenbrand",4.8,30700,20.98
2014,44,"Thug Kitchen: The Official Cookbook: Eat Like You Give a F*ck (Thug Kitchen Cookbooks)","Thug Kitchen",4.6,11897,31.73
2014,45,"The Alchemist","Paulo Coelho",4.7,41984,37.9
2014,46,"Looking for Alaska","John Green",4.6,10010,0.35
2014,47,"The Great Gatsby","F. Scott Fitzgerald",4.4,10814,8.74
2014,48,"The Boys in the Boat: Nine Americans and Their Epic Quest for Gold at the 1936 Berlin Olympics","Daniel James Brown",4.8,6742,10.94
2014,49,"Love You Forever","Robert Munsch",4.9,26343,0.25
2014,50,"The Maze Runner (Book 1)","James Dashner",4.5,11305,0.25
2014,51,"Allegiant","Veronica Roth",4,7030,13.71
2014,52,"Yes Please","Amy Poehler",4.3,4487,22.25
2014,53,"The Five Dysfunctions of a Team: A Leadership Fable","Patrick Lencioni",4.6,3792,19.54
2014,54,"The Four Agreements: A Practical Guide to Personal Freedom (A Toltec Wisdom Book)","Don Miguel Ruiz",4.7,37011,5.72
2014,55,"The 7 Habits of Highly Effective People: Powerful Lessons in Personal Change","Stephen R. Covey",4.7,6395,14.99
2014,56,"41: A Portrait of My Father","George W. Bush",4.7,2506,13.91
2014,57,"Minecraft: The Complete Handbook Collection","Stephanie Milton",4.8,1238,10.66
2014,58,"Frozen: A Tale of Two Sisters","Melissa Lagonegro",4.6,900,3.75
2014,59,"Rush Revere and the Brave Pilgrims: Time-Travel Adventures with Exceptional Americans (1)","Rush Limbaugh",4.9,7818,0.52
2014,60,"The Gifts of Imperfection: Let Go of Who You Think You're Supposed to Be and Embrace Who You Are","Brené Brown",4.7,15647,2.48
2014,61,"Divergent / Insurgent / Allegiant","Veronica Roth",4.6,2623,3.86
2014,62,"Heaven is for Real: A Little Boy's Astounding Story of His Trip to Heaven and Back","Todd Burpo",4.7,16128,7.54
2014,63,"Flash Boys","Michael Lewis",4.5,4907,1.49
2014,64,"Rush Revere and the American Revolution: Time-Travel Adventures With Exceptional Americans","Rush Limbaugh",4.9,3471,1.61
2014,65,"Dear Zoo: A Lift-the-Flap Book","Rod Campbell",4.8,15251,0.94
2014,66,"The Going-To-Bed Book","Sandra Boynton",4.8,7148,3.97
2014,67,"The World of Ice & Fire: The Untold History of Westeros and the Game of Thrones","George R. R. Martin",4.7,5244,19.77
2014,68,"The Real ACT Prep Guide (Official Act Prep Guide)","ACT",4.4,688,48.45
2014,69,"Gray Mountain: A Novel","John Grisham",3.9,22228,17.04
2014,70,"What to Expect When You're Expecting","Heidi Murkoff",4.4,3467,14.99
2014,71,"The Jesus Storybook Bible: Every Story Whispers His Name","Sally Lloyd-Jones",4.9,6858,10.99
2014,72,"Lean In: Women, Work, and the Will to Lead","Sheryl Sandberg",4.5,6611,0.99
2014,73,"The Invention of Wings","Sue Monk Kidd",4.7,15174,20.98
2014,74,"Lord of the Flies","William Golding",4.6,15856,0.94
2014,75,"Night (Night)","Elie Wiesel",4.7,5557,8.78
2014,76,"The Catcher in the Rye","J.D. Salinger",4.5,14641,0.85
2014,77,"Soul Healing Miracles: Ancient and New Sacred Wisdom, Knowledge, and Practical Techniques for Healing the Spiritual…","Zhi Gang Sha",4.6,235,12.99
2014,78,"The Care and Keeping of You: The Body Book for Younger Girls, Revised Edition (American Girl Library)","Valorie Schaefer",4.8,13660,0.94
2014,79,"The Skinnytaste Cookbook: Light on Calories, Big on Flavor","Gina Homolka",4.7,5267,5.79
2014,80,"Fahrenheit 451","Ray Bradbury",4.6,15019,1.26
2014,81,"Goodnight, Goodnight Construction Site (Hardcover Books for Toddlers, Preschool Books for Kids)","Sherri Duskey Rinker",4.9,9868,0.47
2014,82,"Paper Towns","John Green",4.3,8374,0.35
2014,83,"The Everything Kids' Science Experiments Book: Boil Ice, Float Water, Measure Gravity-Challenge the World Around You!","Tom Robinson",4.6,3990,0.35
2014,84,"1984 (Signet Classics)","George Orwell",4.7,33234,3.09
2014,85,"The Outsiders","S. E. Hinton",4.8,14704,5.89
2014,86,"MONEY Master the Game: 7 Simple Steps to Financial Freedom","Tony Robbins",4.6,6476,2.48
2014,87,"Goodnight Moon","Margaret Wise Brown",4.9,13055,0.25
2014,88,"Quiet: The Power of Introverts in a World That Can't Stop Talking","Susan Cain",4.6,12036,1.29
2014,89,"Revival: A Novel","Stephen King",4.1,8312,14.35
2014,90,"Giraffes Can't Dance (Board Book)","Giles Andreae",4.8,20385,0.94
2014,91,"Minecraft: Redstone Handbook: An Official Mojang Book","Scholastic",4.7,632,25.95
2014,92,"Of Mice and Men","John Steinbeck",4.7,13001,0.35
2014,93,"10-Day Green Smoothie Cleanse: Lose Up to 15 Pounds in 10 Days!","JJ Smith",4.7,21903,2.63
2014,94,"Crucial Conversations Tools for Talking When Stakes Are High, Second Edition","Kerry Patterson",4.6,5420,16.99
2014,95,"A Day in the Sun (Disney Frozen) (Pictureback(R))","Frank Berrios",4.6,609,0.25
2014,96,"The Giver (Giver Quartet)","Lois Lowry",4.6,14862,20.48
2014,97,"Chicka Chicka Boom Boom (Board Book)","Bill Martin Jr.",4.9,17301,4.59
2014,98,"Against All Grain: Delectable Paleo Recipes to Eat Well & Feel Great (1)","Danielle Walker",4.7,2906,22.67
2014,99,"Minecraft: Essential Handbook","Stephanie Milton",4.7,641,15.99
2014,100,"Good to Great: Why Some Companies Make the Leap and Others Don't","Jim Collins",4.5,3918,13.99
2015,1,"First 100 Words","Roger Priddy",4.7,23310,4.99
2015,2,"The Life-Changing Magic of Tidying Up: The Japanese Art of Decluttering and Organizing","Marie Kondō",4.5,24520,0.94
2015,3,"Laugh-Out-Loud Jokes for Kids","Rob Elliott",4.6,8030,4.24
2015,4,"Secret Garden: An Inky Treasure Hunt and Coloring Book (For Adults, mindfulness coloring)","Johanna Basford",4.7,10992,9.99
2015,5,"StrengthsFinder 2.0","Tom Rath",4,5517,15.79
2015,6,"Go Set a Watchman: A Novel","Harper Lee",3.8,7437,16.99
2015,7,"Enchanted Forest: An Inky Quest and Coloring book (Activity Books, Mindfulness and Meditation, Illustrated Floral Prints…","Johanna Basford",4.7,6184,9.99
2015,8,"All the Light We Cannot See","Anthony Doerr",4.6,40382,14.52
2015,9,"The Girl on the Train","Paula Hawkins",4.1,82313,14.98
2015,10,"Adult Coloring Book: Stress Relieving Patterns","Blue Star Coloring",4.5,3483,1.31
2015,11,"Diary of a Wimpy Kid #10: Old School","Jeff Kinney",4.8,8196,14.99
2015,12,"To Kill a Mockingbird","Harper Lee",4.8,35375,0.35
2015,13,"Adult Coloring Book: Stress Relieving Animal Designs","Blue Star Coloring",4.6,3315,0.35
2015,14,"Adult Coloring Books: A Coloring Book for Adults Featuring Mandalas and Henna Inspired Flowers, Animals, and Paisley…","Coloring Books for Adults",4.5,2691,8.49
2015,15,"Humans of New York : Stories","Brandon Stanton",4.9,3491,14.99
2015,16,"The Martian","Andy Weir",4.7,41268,0.94
2015,17,"Oh, the Places You'll Go!","Dr. Seuss",4.9,16856,8.98
2015,18,"Knock-Knock Jokes for Kids","Rob Elliott",4.5,4360,4.74
2015,19,"Dear Zoo: A Lift-the-Flap Book","Rod Campbell",4.8,15251,0.94
2015,20,"The Day the Crayons Quit","Drew Daywalt",4.8,11431,9.19
2015,21,"The Boys in the Boat: Nine Americans and Their Epic Quest for Gold at the 1936 Berlin Olympics","Daniel James Brown",4.8,6742,10.94
2015,22,"Jesus Calling: Enjoying Peace in His Presence (with Scripture References)","Sarah Young",4.9,21922,7.26
2015,23,"Mindset: The New Psychology of Success","Carol S. Dweck",4.6,7544,10.14
2015,24,"Grey: Fifty Shades of Grey as Told by Christian (Fifty Shades of Grey Series)","E L James",4.4,28416,12.72
2015,25,"Creative Haven Creative Cats Coloring Book (Adult Coloring)","Marjorie Sarnat",4.8,4371,4.79
2015,26,"How to Win Friends & Influence People","Dale Carnegie",4.7,33580,5.3
2015,27,"The 5 Love Languages: The Secret to Love that Lasts","Gary Chapman",4.8,37833,1.5
2015,28,"Balance (Angie's Extreme Stress Menders)","Angie Grace",4.6,2039,11.95
2015,29,"Creative Haven Owls Coloring Book (Adult Coloring)","Marjorie Sarnat",4.8,4294,0.8
2015,30,"Thug Kitchen: The Official Cookbook: Eat Like You Give a F*ck (Thug Kitchen Cookbooks)","Thug Kitchen",4.6,11897,31.73
2015,31,"Giraffes Can't Dance (Board Book)","Giles Andreae",4.8,20385,0.94
2015,32,"Wonder","R. J. Palacio",4.8,26045,0.35
2015,33,"The 7 Habits of Highly Effective People: Powerful Lessons in Personal Change","Stephen R. Covey",4.7,6395,14.99
2015,34,"The Four Agreements: A Practical Guide to Personal Freedom (A Toltec Wisdom Book)","Don Miguel Ruiz",4.7,37011,5.72
2015,35,"Being Mortal: Medicine and What Matters in the End","Atul Gawande",4.8,12749,24.99
2015,36,"Love You Forever","Robert Munsch",4.9,26343,0.25
2015,37,"The Very Hungry Caterpillar","Eric Carle",4.9,30371,0.94
2015,38,"Publication Manual of the American Psychological Association, 6th Edition","American Psychological Association",4.5,10383,15.99
2015,39,"Between the World and Me","Ta-Nehisi Coates",4.7,14486,17.29
2015,40,"Baby Touch and Feel: Animals","DK",4.7,7324,0.25
2015,41,"The Book with No Pictures","B. J. Novak",4.8,10378,1.05
2015,42,"The Wright Brothers","David McCullough",4.7,6495,16.74
2015,43,"Dover Creative Haven Art Nouveau Animal Designs Coloring Book (Creative Haven Coloring Books)","Marty Noble",4.6,2279,0.79
2015,44,"The Nightingale: A Novel","Kristin Hannah",4.8,56216,11.15
2015,45,"The Pioneer Woman Cooks: Dinnertime - Comfort Classics, Freezer Food, 16-minute Meals, and Other Delicious Ways to Solve…","Ree Drummond",4.8,4497,4.69
2015,46,"What Pet Should I Get? (Classic Seuss)","Dr. Seuss",4.8,2219,12.55
2015,47,"Killing Reagan: The Violent Assault That Changed a Presidency (Bill O'Reilly's Killing Series)","Bill O'Reilly",4.6,5583,14.95
2015,48,"Harry Potter Coloring Book","Scholastic",4.8,5090,14.39
2015,49,"American Sniper: The Autobiography of the Most Lethal Sniper in U.S. Military History","Chris Kyle",4.6,16858,0.35
2015,50,"The Whole30: The 30-Day Guide to Total Health and Food Freedom","Melissa Hartwig Urban",4.6,9795,14.98
2015,51,"Diary of a Minecraft Zombie Book 1: A Scare of A Dare","Zack Zombie",4.7,5630,5.71
2015,52,"The Great Gatsby","F. Scott Fitzgerald",4.4,10814,8.74
2015,53,"Lost Ocean: An Inky Adventure and Coloring Book for Adults","Johanna Basford",4.7,4079,15.25
2015,54,"The Five Dysfunctions of a Team: A Leadership Fable","Patrick Lencioni",4.6,3792,19.54
2015,55,"The Official SAT Study Guide","The College Board",4.4,1323,0.59
2015,56,"10-Day Green Smoothie Cleanse","JJ Smith",4.7,21903,3.73
2015,57,"The Gifts of Imperfection: Let Go of Who You Think You're Supposed to Be and Embrace Who You Are","Brené Brown",4.7,15647,2.48
2015,58,"Chicka Chicka Boom Boom (Board Book)","Bill Martin Jr.",4.9,17301,4.59
2015,59,"The Day the Crayons Came Home","Drew Daywalt",4.8,3189,12.02
2015,60,"What If?: Serious Scientific Answers to Absurd Hypothetical Questions","Randall Munroe",4.7,11662,3.18
2015,61,"Paper Towns","John Green",4.3,8374,0.35
2015,62,"Unbroken: A World War II Story of Survival, Resilience, and Redemption","Laura Hillenbrand",4.8,30700,13.35
2015,63,"Get What's Yours: The Secrets to Maxing Out Your Social Security (The Get What's Yours Series)","Laurence J. Kotlikoff",4.1,2586,10
2015,64,"Magnus Chase and the Gods of Asgard, Book 1: The Sword of Summer (Magnus Chase and the Gods of Asgard, 1)","Rick Riordan",4.7,4230,1.26
2015,65,"Dragons Love Tacos","Adam Rubin",4.7,7764,9.5
2015,66,"Fahrenheit 451","Ray Bradbury",4.6,15019,1.26
2015,67,"The Care and Keeping of You: The Body Book for Younger Girls, Revised Edition (American Girl Library)","Valorie Schaefer",4.8,13660,0.94
2015,68,"Potty (Leslie Patricelli board books)","Leslie Patricelli",4.7,8613,0.94
2015,69,"Thing Explainer: Complicated Stuff in Simple Words","Randall Munroe",4.5,2557,5.2
2015,70,"Dead Wake: The Last Crossing of the Lusitania","Erik Larson",4.5,8113,26.8
2015,71,"The Going-To-Bed Book","Sandra Boynton",4.8,7148,3.97
2015,72,"Inspiralized: Turn Vegetables into Healthy, Creative, Satisfying Meals: A Cookbook","Ali Maffucci",4.4,3138,19.99
2015,73,"Mystical Mandala Coloring Book (Dover Design Coloring Books)","Alberta Hutchinson",4.5,2520,1.1
2015,74,"Diagnostic and Statistical Manual of Mental Disorders, 5th Edition: DSM-5","American Psychiatric Association",4.6,8438,152
2015,75,"Ultimate Sticker Book: Frozen: More Than 60 Reusable Full-Color Stickers","DK",4.6,3257,1.5
2015,76,"The 20/20 Diet: Turn Your Weight Loss Vision Into Reality","Phil McGraw",4,5651,10.45
2015,77,"Night (Night)","Elie Wiesel",4.7,5557,8.78
2015,78,"What to Expect When You're Expecting","Heidi Murkoff",4.4,3467,14.99
2015,79,"The Jesus Storybook Bible: Every Story Whispers His Name","Sally Lloyd-Jones",4.9,6858,10.99
2015,80,"The Road to Character","David Brooks",4.4,2373,0.99
2015,81,"Where Is Baby's Belly Button? A Lift-the-Flap Book","Karen Katz",4.8,7332,5
2015,82,"The Alchemist, 25th Anniversary: A Fable About Following Your Dream","Paulo Coelho",4.7,41984,4.31
2015,83,"Guess How Much I Love You","Sam McBratney",4.8,4219,8.15
2015,84,"Creative Coloring Inspirations: Art Activity Pages to Relax and Enjoy! (Design Originals) 30 Motivating & Creative Art…","Valentina Harper",4.7,1527,8.98
2015,85,"Little Blue Truck","Alice Schertle",4.9,1901,0.35
2015,86,"The Outsiders","S. E. Hinton",4.8,14704,5.89
2015,87,"Thinking, Fast and Slow","Daniel Kahneman",4.6,14675,15.99
2015,88,"The Everything Kids' Science Experiments Book: Boil Ice, Float Water, Measure Gravity-Challenge the World Around You!","Tom Robinson",4.6,3990,0.35
2015,89,"1984 (Signet Classics)","George Orwell",4.7,33234,3.09
2015,90,"Crucial Conversations Tools for Talking When Stakes Are High, Second Edition","Kerry Patterson",4.6,5420,16.99
2015,91,"Emotional Intelligence 2.0","Travis Bradberry",4.5,5981,13.67
2015,92,"For the Love: Fighting for Grace in a World of Impossible Standards","Jen Hatmaker",4.7,1691,10.43
2015,93,"Press Here (Interactive Book for Toddlers and Kids, Interactive Baby Book)","Herve Tullet",4.8,7592,7.99
2015,94,"Little Blue Truck board book","Alice Schertle",4.9,7035,1.3
2015,95,"Brown Bear, Brown Bear, What Do You See?","Bill Martin Jr.",4.9,21233,5
2015,96,"A Long Walk to Water: Based on a True Story","Linda Sue Park",4.8,8426,4.79
2015,97,"A Game of Thrones / A Clash of Kings / A Storm of Swords / A Feast of Crows / A Dance with Dragons","George R. R. Martin",4.7,23179,12.97
2015,98,"Rogue Lawyer: A Novel","John Grisham",4.1,12695,15.96
2015,99,"Detailed Designs and Beautiful Patterns (Sacred Mandala Designs and Patterns Coloring Books for Adults) (Volume 28)","Lilt Kids Coloring Books",4.4,955,4.72
2015,100,"Lord of the Flies","William Golding",4.6,15856,0.94
2016,1,"Harry Potter and the Cursed Child, Parts 1 & 2,…","J.K. Rowling",4.1,28008,19.83
2016,2,"StrengthsFinder 2.0","Tom Rath",4,552,15.79
2016,3,"First 100 Words","Roger Priddy",4.7,2335,4.99
2016,4,"The Life-Changing Magic of Tidying Up: The…","Marie Kondō",4.5,24533,0.94
2016,5,"Oh, the Places You'll Go!","Dr. Seuss",4.9,16868,8.98
2016,6,"Diary of a Wimpy Kid #11: Double Down","Jeff Kinney",4.8,7234,21.99
2016,7,"When Breath Becomes Air","Paul Kalanithi",4.7,16217,14.67
2016,8,"Giraffes Can't Dance (Board Book)","Giles Andreae",4.8,20432,0.94
2016,9,"The 5 Love Languages: The Secret to Love that…","Gary Chapman",4.8,37912,1.5
2016,10,"The Whole30: The 30-Day Guide to Total Health…","Melissa Hartwig Urban",4.6,9808,14.98
2016,11,"A Man Called Ove: A Novel","Fredrik Backman",4.6,28792,0.94
2016,12,"Killing the Rising Sun: How America Vanquished…","Bill O'Reilly",4.8,931,14.99
2016,13,"How to Win Friends & Influence People","Dale Carnegie",4.7,33638,5.3
2016,14,"The Magnolia Story","Chip Gaines",4.8,8634,13.46
2016,15,"Laugh-Out-Loud Jokes for Kids","Rob Elliott",4.6,804,4.24
2016,16,"To Kill a Mockingbird","Harper Lee",4.8,35425,0.35
2016,17,"Hillbilly Elegy: A Memoir of a Family and Culture…","J. D. Vance",4.4,19354,2.73
2016,18,"Fantastic Beasts and Where to Find Them: The…","J.K. Rowling",4.7,5461,9.78
2016,19,"Hamilton: The Revolution","Lin-Manuel Miranda",4.9,8327,23.69
2016,20,"The Girl on the Train","Paula Hawkins",4.1,82328,0.25
2016,21,"Mindset: The New Psychology of Success","Carol S. Dweck",4.6,7558,10.14
2016,22,"The Official SAT Study Guide, 2016 Edition…","The College Board",4.3,907,31.19
2016,24,"The Four Agreements: A Practical Guide to…","Don Miguel Ruiz",4.7,37108,5.72
2016,25,"Milk and Honey","Rupi Kaur",4.7,24058,8.69
2016,26,"The Going-To-Bed Book","Sandra Boynton",4.8,7168,3.97
2016,27,"Born to Run","Bruce Springsteen",4.7,4288,2.5
2016,28,"Alexander Hamilton","Ron Chernow",4.8,13071,3.01
2016,29,"The Very Hungry Caterpillar","Eric Carle",4.9,30448,0.94
2016,30,"The 7 Habits of Highly Effective People: Powerful…","Stephen R. Covey",4.7,6405,14.99
2016,31,"The Constitution of the United States","Delegates of the Constitutional Convention ",4.8,356,0.99
2016,32,"Wonder","R. J. Palacio",4.8,26081,0.35
2016,33,"The Wonderful Things You Will Be","Emily Winfield Martin",4.9,12082,1.91
2016,34,"You Are a Badass: How to Stop Doubting Your…","Jen Sincero",4.7,20447,1.49
2016,35,"Thug Kitchen: The Official Cookbook: Eat Like…","Thug Kitchen",4.6,11906,32
2016,36,"Pokémon Deluxe Essential Handbook: The Need…","Scholastic",4.7,403,0.36
2016,37,"Publication Manual of the American Psychological…","American Psychological Association",4.5,10392,15.99
2016,38,"Cravings: Recipes for All the Food You Want to…","Chrissy Teigen",4.8,704,15.8
2016,39,"Between the World and Me","Ta-Nehisi Coates",4.7,14509,7.86
2016,40,"Calm the F*ck Down: An Irreverent Adult Coloring…","Sasha O'Hara",4.6,14801,4.99
2016,41,"Dear Zoo: A Lift-the-Flap Book","Rod Campbell",4.8,15281,0.94
2016,42,"Jesus Calling: Enjoying Peace in His Presence…","Sarah Young",4.9,21952,7.26
2016,43,"Night (Night)","Elie Wiesel",4.7,5562,8.78
2016,45,"Harry Potter Paperback Box Set (Books 1-7)","J. K. Rowling",4.8,31038,40
2016,46,"Harry Potter and the Sorcerer's Stone: The…","J.K. Rowling",4.9,13389,15
2016,47,"10-Day Green Smoothie Cleanse","JJ Smith",4.7,21931,3.72
2016,48,"Uninvited: Living Loved When You Feel Less…","Lysa TerKeurst",4.7,6147,7.84
2016,49,"The Nightingale: A Novel","Kristin Hannah",4.8,56246,11.15
2016,50,"Harry Potter and the Chamber of Secrets: The…","J.K. Rowling",4.9,25289,17.32
2016,51,"Fahrenheit 451","Ray Bradbury",4.6,15042,1.26
2016,52,"Love You Forever","Robert Munsch",4.9,26344,0.25
2016,53,"The Great Gatsby","F. Scott Fitzgerald",4.4,10826,8.74
2016,54,"The Five Dysfunctions of a Team: A Leadership…","Patrick Lencioni",4.6,3796,19.54
2016,55,"All the Light We Cannot See","Anthony Doerr",4.6,40409,13.99
2016,56,"Brown Bear, Brown Bear, What Do You See?","Bill Martin Jr.",4.9,21275,5
2016,57,"The Alchemist, 25th Anniversary: A Fable About…","Paulo Coelho",4.7,42046,4.31
2016,58,"Fervent: A Woman's Battle Plan to Serious,…","Priscilla Shirer",4.9,5888,1.26
2016,59,"The Whistler","John Grisham",4.3,14121,12.99
2016,60,"If Animals Kissed Good Night","Ann Whitford Paul",4.8,30073,4.79
2016,61,"Cooking for Jeffrey: A Barefoot Contessa Cookbook","Ina Garten",4.7,1521,9.06
2016,62,"The Trials of Apollo, Book 1: The Hidden Oracle…","Rick Riordan",4.7,5031,1.49
2016,63,"Knock-Knock Jokes for Kids","Rob Elliott",4.5,4374,4.74
2016,64,"Puppy Birthday to You! (Paw Patrol) (Little Golden…","Golden Books",4.8,6911,0.25
2016,65,"The Gifts of Imperfection: Let Go of Who You…","Brené Brown",4.7,15678,2.48
2016,66,"Crisis of Character: A White House Secret…","Gary J. Byrne",4.1,6932,13.99
2016,67,"First 100 Animals","Roger Priddy",4.8,6078,0.14
2016,68,"Adult Coloring Books: A Coloring Book for Adults…","Coloring Books for Adults",4.5,2694,8.49
2016,69,"Goodnight Moon","Margaret Wise Brown",4.9,1308,0.25
2016,70,"Daring Greatly: How the Courage to Be…","Brené Brown",4.8,6904,13.07
2016,71,"Miss Peregrine's Home for Peculiar Children…","Ransom Riggs",4.4,10929,0.03
2016,72,"Grit: The Power of Passion and Perseverance","Angela Duckworth",4.6,6285,18.79
2016,73,"Emotional Intelligence 2.0","Travis Bradberry",4.5,5996,13.67
2016,74,"The Underground Railroad (Pulitzer Prize Winner)…","Colson Whitehead",4.4,9783,15.4
2016,75,"The Outsiders","S. E. Hinton",4.8,14743,5.89
2016,76,"The Food Lab: Better Home Cooking Through…","J. Kenji López-Alt",4.8,5346,44.95
2016,77,"Me Before You: A Novel (Movie Tie-In)","Jojo Moyes",4.6,1071,15.96
2016,78,"Chicka Chicka Boom Boom (Board Book)","Bill Martin Jr.",4.9,17352,4.59
2016,79,"The Care and Keeping of You: The Body Book for…","Valorie Schaefer",4.8,13687,0.94
2016,80,"Potty (Leslie Patricelli board books)","Leslie Patricelli",4.7,8624,0.94
2016,81,"Tools of Titans: The Tactics, Routines, and Habits…","Timothy Ferriss",4.7,5093,8.76
2016,82,"First 100 Padded: Numbers Colors Shapes","Roger Priddy",4.8,4776,5.59
2016,83,"Good Vibes Coloring Book (Coloring is Fun)…","Thaneeya McArdle",4.7,4468,7.79
2016,84,"The Instant Pot Electric Pressure Cooker…","Laurel Randolph",4.3,9104,12.64
2016,85,"Quieting Your Heart: 6-Month Bible-Study Journal","Darlene Schacht",4.4,1277,9.99
2016,86,"The Book with No Pictures","B. J. Novak",4.8,10396,1.05
2016,87,"Creative Haven Owls Coloring Book (Adult Coloring)","Marjorie Sarnat",4.8,4298,0.8
2016,88,"Magnus Chase and the Gods of Asgard, Book 2…","Rick Riordan",4.7,2495,0.74
2016,89,"Secret Garden: An Inky Treasure Hunt and…","Johanna Basford",4.7,11005,9.99
2016,90,"Harry Potter and the Sorcerer's Stone","J.K. Rowling",4.8,4231,1
2016,91,"Dragons Love Tacos","Adam Rubin",4.7,7776,9.5
2016,92,"Player's Handbook (Dungeons & Dragons)","Wizards RPG Team",4.8,24219,16.66
2016,93,"The Everything Kids' Science Experiments Book:…","Tom Robinson",4.6,4,0.35
2016,94,"1984 (Signet Classics)","George Orwell",4.7,33301,3.09
2016,95,"The Giver (1) (Giver Quartet)","Lois Lowry",4.6,14887,0.94
2016,97,"Thinking, Fast and Slow","Daniel Kahneman",4.6,14714,15.99
2016,98,"Little Blue Truck board book","Alice Schertle",4.9,7041,1.3
2016,99,"Harry Potter Coloring Book","Scholastic",4.8,5108,14.39
2016,100,"The Day the Crayons Quit","Drew Daywalt",4.8,11445,9.19
2017,1,"Wonder","R. J. Palacio",4.8,26045,0.35
2017,2,"Milk and Honey","Rupi Kaur",4.7,23999,8.69
2017,3,"Giraffes Can't Dance (Board Book)","Giles Andreae",4.8,20385,0.94
2017,4,"The Subtle Art of Not Giving a F*ck: A Counterintuitive Approach to Living a Good Life","Mark Manson",4.6,37307,15.8
2017,5,"The Getaway","Jeff Kinney",4.8,8650,16.99
2017,6,"The Instant Pot Electric Pressure Cooker Cookbook: Easy Recipes for Fast & Healthy Meals","Laurel Randolph",4.3,9089,12.64
2017,7,"Hillbilly Elegy: A Memoir of a Family and Culture in Crisis","J. D. Vance",4.4,19318,2.75
2017,8,"Astrophysics for People in a Hurry","Neil deGrasse Tyson",4.7,12157,9.49
2017,9,"First 100 Words","Roger Priddy",4.7,23310,4.99
2017,10,"The Whole30: The 30-Day Guide to Total Health and Food Freedom","Melissa Hartwig Urban",4.6,9795,14.98
2017,11,"The Handmaid's Tale","Margaret Atwood",4.4,37046,7.99
2017,12,"The 5 Love Languages: The Secret to Love that Lasts","Gary Chapman",4.8,37833,1.5
2017,13,"You Are a Badass: How to Stop Doubting Your Greatness and Start Living an Awesome Life","Jen Sincero",4.7,20404,1.49
2017,14,"What Happened","Hillary Rodham Clinton",4.6,5989,18.99
2017,15,"Oh, the Places You'll Go!","Dr. Seuss",4.9,16856,8.98
2017,16,"Make Your Bed: Little Things That Can Change Your Life...And Maybe the World","Admiral William H. McRaven",4.7,14473,4.81
2017,17,"1984 (Signet Classics)","George Orwell",4.7,33234,3.09
2017,18,"How to Win Friends & Influence People","Dale Carnegie",4.7,33580,5.3
2017,19,"Origin: A Novel (Robert Langdon)","Dan Brown",4.3,23011,25.18
2017,20,"A Man Called Ove: A Novel","Fredrik Backman",4.6,28754,0.94
2017,21,"The Sun and Her Flowers","Rupi Kaur",4.8,8177,8.75
2017,22,"Dear Zoo: A Lift-the-Flap Book","Rod Campbell",4.8,15251,0.94
2017,23,"The Four Agreements: A Practical Guide to Personal Freedom (A Toltec Wisdom Book)","Don Miguel Ruiz",4.7,37011,5.72
2017,24,"The Going-To-Bed Book","Sandra Boynton",4.8,7148,3.97
2017,25,"StrengthsFinder 2.0","Tom Rath",4,5517,15.79
2017,26,"The Wonderful Things You Will Be","Emily Winfield Martin",4.9,12069,1.93
2017,27,"The Shack: Where Tragedy Confronts Eternity","William P. Young",4.7,20680,8.25
2017,28,"The Life-Changing Magic of Tidying Up: The Japanese Art of Decluttering and Organizing","Marie Kondō",4.5,24520,0.94
2017,29,"Option B: Facing Adversity, Building Resilience, and Finding Joy","Sheryl Sandberg",4.5,2235,17.41
2017,30,"Thug Kitchen: The Official Cookbook: Eat Like You Give a F*ck (Thug Kitchen Cookbooks)","Thug Kitchen",4.6,11897,31.73
2017,31,"A Gentleman in Moscow: A Novel","Amor Towles",4.7,24645,18.88
2017,32,"Publication Manual of the American Psychological Association, 6th Edition","American Psychological Association",4.5,10383,15.99
2017,33,"Goodnight Moon","Margaret Wise Brown",4.9,13055,0.25
2017,34,"Thirteen Reasons Why","Jay Asher",4.5,9966,0.25
2017,35,"Leonardo da Vinci","Walter Isaacson",4.5,3730,3.22
2017,36,"The Pout-Pout Fish","Deborah Diesen",4.9,13900,0.35
2017,37,"Harry Potter and the Prisoner of Azkaban: The Illustrated Edition (Harry Potter, Book 3)","J.K. Rowling",4.9,4658,27.98
2017,38,"If Animals Kissed Good Night","Ann Whitford Paul",4.8,29939,4.79
2017,39,"Brown Bear, Brown Bear, What Do You See?","Bill Martin Jr.",4.9,21233,5
2017,40,"Player's Handbook (Dungeons & Dragons)","Wizards RPG Team",4.8,24159,17.98
2017,41,"The Very Hungry Caterpillar","Eric Carle",4.9,30371,0.94
2017,42,"Puppy Birthday to You! (Paw Patrol) (Little Golden Book)","Golden Books",4.8,6901,0.25
2017,43,"Laugh-Out-Loud Jokes for Kids","Rob Elliott",4.6,8030,4.24
2017,44,"Tools of Titans: The Tactics, Routines, and Habits of Billionaires, Icons, and World-Class Performers","Timothy Ferriss",4.7,5089,8.79
2017,45,"Milk and Vine: Inspirational Quotes From Classic Vines","Adam Gasiewski",4.5,4347,7.99
2017,46,"Ready Player One: A Novel","Ernest Cline",4.7,31391,2
2017,47,"Dog Man: A Tale of Two Kitties: From the Creator of Captain Underpants (Dog Man #3)","Dav Pilkey",4.9,7436,4.84
2017,48,"Obama: An Intimate Portrait","Pete Souza",4.9,5908,64.75
2017,49,"The 7 Habits of Highly Effective People: Powerful Lessons in Personal Change","Stephen R. Covey",4.7,6395,14.99
2017,50,"Killers of the Flower Moon: The Osage Murders and the Birth of the FBI","David Grann",4.6,10461,15.81
2017,51,"The Care and Keeping of You: The Body Book for Younger Girls, Revised Edition (American Girl Library)","Valorie Schaefer",4.8,13660,0.94
2017,52,"Uninvited: Living Loved When You Feel Less Than, Left Out, and Lonely","Lysa TerKeurst",4.7,6131,7.84
2017,53,"Big Little Lies","Liane Moriarty",4.6,23894,7.78
2017,54,"The Official SAT Study Guide, 2018 Edition (Official Study Guide for the New Sat)","The College Board",4.5,1721,1.6
2017,55,"The Whole30 Cookbook: 150 Delicious and Totally Compliant Recipes to Help You Succeed with the Whole30 and Beyond","Melissa Hartwig Urban",4.6,1533,17.12
2017,56,"Thinking, Fast and Slow","Daniel Kahneman",4.6,14675,15.99
2017,57,"Jesus Calling: Enjoying Peace in His Presence (with Scripture References)","Sarah Young",4.9,21922,7.26
2017,58,"What to Expect When You're Expecting","Heidi Murkoff",4.7,13059,9.89
2017,59,"The Glass Castle: A Memoir","Jeannette Walls",4.6,11053,1.55
2017,60,"The Great Gatsby","F. Scott Fitzgerald",4.4,10814,8.74
2017,61,"The Wisdom of Sundays: Life-Changing Insights from Super Soul Conversations","Oprah Winfrey",4.7,1743,0.99
2017,62,"P is for Potty! (Sesame Street) (Lift-the-Flap)","Naomi Kleinberg",4.7,16302,5.68
2017,63,"The Rooster Bar","John Grisham",4.1,10093,1.15
2017,64,"The Giving Tree","Shel Silverstein",4.9,15066,1.64
2017,65,"She Persisted: 13 American Women Who Changed the World","Chelsea Clinton",4.8,2171,12.97
2017,66,"On Tyranny: Twenty Lessons from the Twentieth Century","Timothy Snyder",4.7,10518,1.57
2017,67,"The Alchemist, 25th Anniversary: A Fable About Following Your Dream","Paulo Coelho",4.7,41984,4.31
2017,68,"Fahrenheit 451","Ray Bradbury",4.6,15019,1.26
2017,69,"Camino Island: A Novel","John Grisham",4.2,15441,20.5
2017,70,"Turtles All the Way Down","John Green",4.6,5894,9.98
2017,71,"The Gifts of Imperfection: Let Go of Who You Think You're Supposed to Be and Embrace Who You Are","Brené Brown",4.7,15647,2.48
2017,72,"Love You Forever","Robert Munsch",4.9,26343,0.25
2017,73,"The Pioneer Woman Cooks: Come and Get It!: Simple, Scrumptious Recipes for Crazy Busy Lives","Ree Drummond",4.8,2679,7.95
2017,74,"Mindset: The New Psychology of Success","Carol S. Dweck",4.6,7544,10.14
2017,75,"Where Is Baby's Belly Button? A Lift-the-Flap Book","Karen Katz",4.8,7332,5
2017,76,"Grant","Ron Chernow",4.8,5121,26.95
2017,78,"Sapiens: A Brief History of Humankind","Yuval Noah Harari",4.6,32905,9.95
2017,79,"The Intelligent Investor: The Definitive Book on Value Investing. A Book of Practical Counsel (Revised Edition)","Benjamin Graham",4.7,15423,14.29
2017,80,"The Plant Paradox: The Hidden Dangers in ""Healthy"" Foods That Cause Disease and Weight Gain","Dr. Steven R Gundry MD",4.4,9106,4.95
2017,81,"The Trials of Apollo Book Two The Dark Prophecy (Trials of Apollo, 2)","Rick Riordan",4.8,4148,8.23
2017,82,"Everything, Everything","Nicola Yoon",4.7,4412,0.94
2017,83,"Start with Why: How Great Leaders Inspire Everyone to Take Action","Simon Sinek",4.6,11995,3.6
2017,84,"Norse Mythology","Neil Gaiman",4.6,8355,20.23
2017,85,"Beneath a Scarlet Sky: A Novel","Mark Sullivan",4.7,42470,11.98
2017,86,"Dog Man Unleashed: From the Creator of Captain Underpants (Dog Man #2)","Dav Pilkey",4.9,8119,6.7
2017,87,"Lilac Girls: A Novel","Martha Hall Kelly",4.6,9671,0.28
2017,88,"Harry Potter and the Sorcerer's Stone: The Illustrated Edition (Harry Potter, Book 1)","J.K. Rowling",4.9,13352,15
2017,89,"Magnus Chase and the Gods of Asgard, Book 3 The Ship of the Dead (Magnus Chase and the Gods of Asgard, Book 3) (Magnus…","Rick Riordan",4.8,3207,9.99
2017,90,"Al Franken, Giant of the Senate","Al Franken",4.8,3630,14.65
2017,91,"Principles: Life and Work","Ray Dalio",4.6,6555,11.5
2017,92,"Daring Greatly: How the Courage to Be Vulnerable Transforms the Way We Live, Love, Parent, and Lead","Brené Brown",4.8,6890,13.07
2017,93,"The Complete Ketogenic Diet for Beginners: Your Essential Guide to Living the Keto Lifestyle","Amy Ramos",4.3,18251,6.99
2017,94,"Pokémon Deluxe Essential Handbook: The Need-to-Know Stats and Facts on Over 700 Pokémon","Scholastic",4.7,4026,0.36
2017,95,"10-Day Green Smoothie Cleanse","JJ Smith",4.7,21903,3.73
2017,96,"The Total Money Makeover: Classic Edition: A Proven Plan for Financial Fitness","Dave Ramsey",4.7,16203,3.81
2017,97,"Dragons Love Tacos","Adam Rubin",4.7,7764,9.5
2017,98,"Harry Potter Paperback Box Set (Books 1-7)","J. K. Rowling",4.8,30952,40
2017,99,"Killing England: The Brutal Struggle for American Independence (Bill O'Reilly's Killing Series)","Bill O'Reilly",4.8,3619,19
2017,100,"Rosie Revere, Engineer","Andrea Beaty",4.9,4284,2.93
2018,1,"Becoming (182 GRAND)","Michelle Obama",4.8,84761,3.91
2018,2,"Girl, Wash Your Face: Stop Believing the Lies About Who You Are So You Can Become Who You Were Meant to Be","Rachel Hollis",4.6,24244,9.95
2018,3,"The Wonky Donkey","Craig Smith",4.8,43718,2.75
2018,4,"Fire and Fury: Inside the Trump White House","Michael Wolff",4.2,14617,11.1
2018,5,"Fear: Trump in the White House","Bob Woodward",4.5,8154,26.33
2018,6,"Last Week Tonight with John Oliver Presents A Day in the Life of Marlon Bundo (Better Bundo Book, LGBT Childrens Book)","Jill Twiss",4.9,13058,1.46
2018,7,"12 Rules for Life: An Antidote to Chaos","Jordan B. Peterson",4.7,27211,12.36
2018,8,"Magnolia Table","Joanna Gaines",4.8,14206,16.59
2018,9,"Whose Boat Is This Boat?: Comments That Don't Help in the Aftermath of a Hurricane","The Staff of The Late Show with",4.6,8049,0.94
2018,10,"The Subtle Art of Not Giving a F*ck: A Counterintuitive Approach to Living a Good Life","Mark Manson",4.6,37307,15.8
2018,11,"A Higher Loyalty: Truth, Lies, and Leadership","James Comey",4.7,7343,10.29
2018,12,"The Complete Ketogenic Diet for Beginners: Your Essential Guide to Living the Keto Lifestyle","Amy Ramos",4.3,18251,6.99
2018,13,"Diary of a Wimpy Kid #13: Meltdown","Jeff Kinney",4.8,10306,6.79
2018,14,"The 5 Love Languages: The Secret to Love that Lasts","Gary Chapman",4.8,37833,1.5
2018,15,"First 100 Words","Roger Priddy",4.7,23310,4.99
2018,16,"Dog Man: Lord of the Fleas: From the Creator of Captain Underpants (Dog Man #5)","Dav Pilkey",4.9,8213,5.11
2018,17,"Educated: A Memoir","Tara Westover",4.7,39710,19.6
2018,18,"You Are a Badass: How to Stop Doubting Your Greatness and Start Living an Awesome Life","Jen Sincero",4.7,20404,1.49
2018,19,"The Plant Paradox: The Hidden Dangers in ""Healthy"" Foods That Cause Disease and Weight Gain","Dr. Steven R Gundry MD",4.4,9106,4.95
2018,20,"Giraffes Can't Dance (Board Book)","Giles Andreae",4.8,20385,0.94
2018,21,"Player's Handbook (Dungeons & Dragons)","Wizards RPG Team",4.8,24159,17.98
2018,22,"Homebody: A Guide to Creating Spaces You Never Want to Leave","Joanna Gaines",4.8,5777,21
2018,23,"The Very Hungry Caterpillar","Eric Carle",4.9,30371,0.94
2018,24,"Crazy Rich Asians (Crazy Rich Asians Trilogy)","Kevin Kwan",4.3,7414,0.35
2018,25,"The Hate U Give","Angie Thomas",4.8,14315,8.65
2018,26,"The Instant Pot Electric Pressure Cooker Cookbook: Easy Recipes for Fast & Healthy Meals","Laurel Randolph",4.3,9089,12.64
2018,27,"The Four Agreements: A Practical Guide to Personal Freedom (A Toltec Wisdom Book)","Don Miguel Ruiz",4.7,37011,5.72
2018,28,"The Wonderful Things You Will Be","Emily Winfield Martin",4.9,12069,1.93
2018,29,"P is for Potty! (Sesame Street) (Lift-the-Flap)","Naomi Kleinberg",4.7,16302,5.68
2018,30,"The Pout-Pout Fish","Deborah Diesen",4.9,13900,0.35
2018,31,"Lettering and Modern Calligraphy: A Beginner's Guide: Learn Hand Lettering and Brush Lettering","Paper Peony Press",4.5,11115,6.99
2018,32,"Publication Manual of the American Psychological Association, 6th Edition","American Psychological Association",4.5,10383,15.99
2018,33,"Dear Zoo: A Lift-the-Flap Book","Rod Campbell",4.8,15251,0.94
2018,34,"Oh, the Places You'll Go!","Dr. Seuss",4.9,16856,8.98
2018,35,"Dog Man and Cat Kid: From the Creator of Captain Underpants (Dog Man #4)","Dav Pilkey",4.9,7711,5.11
2018,36,"Goodnight Moon","Margaret Wise Brown",4.9,13055,0.25
2018,37,"Salt, Fat, Acid, Heat: Mastering the Elements of Good Cooking","Samin Nosrat",4.8,10983,20.96
2018,38,"A Wrinkle in Time (Time Quintet)","Madeleine L'Engle",4.6,7126,5.35
2018,39,"How to Win Friends & Influence People","Dale Carnegie",4.7,33580,5.3
2018,40,"Dog Man: Brawl of the Wild: From the Creator of Captain Underpants (Dog Man #6)","Dav Pilkey",4.9,10683,4.98
2018,41,"Instant Pot Pressure Cooker Cookbook: 500 Everyday Recipes for Beginners and Advanced Users. Try Easy and Healthy…","Jennifer Smith",4.4,9706,8.99
2018,42,"Milk and Honey","Rupi Kaur",4.7,23999,8.69
2018,43,"Little Fires Everywhere","Celeste Ng",4.5,38284,12.74
2018,44,"Kitchen Confidential Updated Edition: Adventures in the Culinary Underbelly (P.S.)","Anthony Bourdain",4.8,3441,1.49
2018,45,"The President Is Missing: A Novel","James Patterson",4.3,11776,16.99
2018,46,"School Zone - Big Preschool Workbook - Ages 3 to 5, Colors, Shapes, Numbers 1-10, Early Math, Alphabet, Pre-Writing…","School Zone",4.8,39022,8.19
2018,47,"The Plant Paradox Cookbook: 100 Delicious Recipes to Help You Lose Weight, Heal Your Gut, and Live Lectin-Free (The…","Dr. Steven R Gundry MD",4.4,5012,18.69
2018,48,"Ready Player One: A Novel","Ernest Cline",4.7,31391,2
2018,49,"Fahrenheit 451","Ray Bradbury",4.6,15019,1.26
2018,50,"Ship of Fools: How a Selfish Ruling Class Is Bringing America to the Brink of Revolution","Tucker Carlson",4.8,4940,16.9
2018,51,"The Alchemist, 25th Anniversary: A Fable About Following Your Dream","Paulo Coelho",4.7,41984,4.31
2018,52,"Wonder","R. J. Palacio",4.8,26045,0.35
2018,53,"To Kill a Mockingbird","Harper Lee",4.8,35375,2.2
2018,54,"The Whole30: The 30-Day Guide to Total Health and Food Freedom","Melissa Hartwig Urban",4.6,9795,14.98
2018,55,"The Keto Diet: The Complete Guide to a High-Fat Diet, with More Than 125 Delectable Recipes and 5 Meal Plans to Shed…","Leanne Vogel",4.4,5999,2.49
2018,56,"Everybody, Always: Becoming Love in a World Full of Setbacks and Difficult People","Bob Goff",4.8,4195,11.89
2018,57,"Before We Were Yours: A Novel","Lisa Wingate",4.7,26399,1.6
2018,58,"The Reckoning: A Novel","John Grisham",4.1,12597,11.91
2018,59,"Brown Bear, Brown Bear, What Do You See?","Bill Martin Jr.",4.9,21233,5
2018,60,"Beneath a Scarlet Sky: A Novel","Mark Sullivan",4.7,42470,11.98
2018,61,"What to Expect When You're Expecting","Heidi Murkoff",4.7,13059,9.89
2018,62,"Principles: Life and Work","Ray Dalio",4.6,6555,11.5
2018,63,"Astrophysics for People in a Hurry","Neil deGrasse Tyson",4.7,12157,9.49
2018,64,"Laugh-Out-Loud Jokes for Kids","Rob Elliott",4.6,8030,4.24
2018,65,"Medical Medium Liver Rescue: Answers to Eczema, Psoriasis, Diabetes, Strep, Acne, Gout, Bloating, Gallstones, Adrenal…","Anthony William",4.7,7133,19.29
2018,66,"The Official SAT Study Guide, 2018 Edition (Official Study Guide for the New Sat)","The College Board",4.5,1721,1.6
2018,67,"Calm the F*ck Down: An Irreverent Adult Coloring Book (Irreverent Book Series)","Sasha O'Hara",4.6,14760,4.99
2018,68,"The Care and Keeping of You: The Body Book for Younger Girls, Revised Edition (American Girl Library)","Valorie Schaefer",4.8,13660,0.94
2018,69,"The Outsider: A Novel","Stephen King",4.6,15416,2.81
2018,70,"Where the Crawdads Sing","Delia Owens",4.8,126306,4.58
2018,71,"Dungeons & Dragons Dungeon Master's Guide (Core Rulebook, D&D Roleplaying Game)","Wizards RPG Team",4.9,13207,18.5
2018,72,"Sapiens: A Brief History of Humankind","Yuval Noah Harari",4.6,32905,12.75
2018,73,"Love You Forever","Robert Munsch",4.9,26343,0.25
2018,74,"Dragons Love Tacos","Adam Rubin",4.7,7764,9.5
2018,75,"The Woman in the Window: A Novel","A. J. Finn",4.4,20783,1.3
2018,76,"Dungeons & Dragons Monster Manual (Core Rulebook, D&D Roleplaying Game)","Wizards RPG Team",4.9,12582,20.75
2018,77,"Simply Keto: A Practical Approach to Health & Weight Loss, with 100+ Easy Low-Carb Recipes (1)","Suzanne Ryan",4.6,6907,7.09
2018,78,"StrengthsFinder 2.0","Tom Rath",4,5517,15.79
2018,79,"Extreme Ownership (How U.S. Navy SEALs Lead and Win)","Jocko Willink",4.8,12769,6.36
2018,80,"The Russia Hoax: The Illicit Scheme to Clear Hillary Clinton and Frame Donald Trump","Gregg Jarrett",4.8,3932,14.99
2018,81,"How to Draw 101 Animals (1)","Dan Green",4.7,10630,0.9
2018,82,"The Sun and Her Flowers","Rupi Kaur",4.8,8177,8.75
2018,83,"The Life-Changing Magic of Tidying Up: The Japanese Art of Decluttering and Organizing","Marie Kondō",4.5,24520,0.94
2018,84,"The Easy 5-Ingredient Ketogenic Diet Cookbook: Low-Carb, High-Fat Recipes for Busy People on the Keto Diet","Jen Fisch",4.4,7463,6.76
2018,85,"Where Do Diggers Sleep at Night? (Where Do...Series)","Brianna Caplan Sayres",4.8,7925,1.26
2018,86,"The 7 Habits of Highly Effective People: Powerful Lessons in Personal Change","Stephen R. Covey",4.7,6395,14.99
2018,87,"Whiskey in a Teacup: What Growing Up in the South Taught Me About Life, Love, and Baking Biscuits","Reese Witherspoon",4.8,2877,13.87
2018,88,"Man's Search for Meaning (OLD EDITION/OUT OF PRINT)","Viktor E. Frankl",4.7,23190,2.64
2018,89,"The Great Alone: A Novel","Kristin Hannah",4.7,16207,13.12
2018,90,"The Total Money Makeover: Classic Edition: A Proven Plan for Financial Fitness","Dave Ramsey",4.7,16203,3.81
2018,91,"Cravings: Hungry for More: A Cookbook","Chrissy Teigen",4.8,3781,6.52
2018,92,"The Handmaid's Tale","Margaret Atwood",4.4,37046,7.99
2018,93,"The Gifts of Imperfection: Let Go of Who You Think You're Supposed to Be and Embrace Who You Are","Brené Brown",4.7,15647,2.48
2018,94,"The Great Gatsby","F. Scott Fitzgerald",4.4,10814,8.74
2018,95,"The Body Keeps the Score: Brain, Mind, and Body in the Healing of Trauma","Bessel van der Kolk M.D.",4.8,19875,12.71
2018,96,"Gmorning, Gnight!: Little Pep Talks for Me & You","Lin-Manuel Miranda",4.8,2930,1.77
2018,97,"Rich Dad Poor Dad: What the Rich Teach Their Kids About Money That the Poor and Middle Class Do Not!","Robert T. Kiyosaki",4.7,37522,6.99
2018,98,"Make Your Bed: Little Things That Can Change Your Life...And Maybe the World","Admiral William H. McRaven",4.7,14473,4.81
2018,99,"Harry Potter Paperback Box Set (Books 1-7)","J. K. Rowling",4.8,30952,40
2018,100,"Xanathar's Guide to Everything (Dungeons & Dragons)","Wizards RPG Team",4.9,11311,26.99
2019,1,"Where the Crawdads Sing","Delia Owens",4.8,126302,4.65
2019,2,"Becoming (182 GRAND)","Michelle Obama",4.8,84760,3.96
2019,3,"Educated: A Memoir","Tara Westover",4.7,39707,19.6
2019,4,"Dog Man: For Whom the Ball Rolls: From the Creator of Captain Underpants (Dog Man #7)","Dav Pilkey",4.9,13076,6.43
2019,5,"Girl, Wash Your Face: Stop Believing the Lies About Who You Are So You Can Become Who You Were Meant to Be","Rachel Hollis",4.6,24244,9.94
2019,6,"Dog Man: Fetch-22: From the Creator of Captain Underpants (Dog Man #8)","Dav Pilkey",4.9,17504,8
2019,7,"Wrecking Ball (Diary of a Wimpy Kid Book 14)","Jeff Kinney",4.9,12578,9.48
2019,8,"The Wonderful Things You Will Be","Emily Winfield Martin",4.9,12069,1.94
2019,9,"School Zone - Big Preschool Workbook - Ages 3 to 5, Colors, Shapes, Numbers 1-10, Early Math, Alphabet, Pre-Writing…","School Zone",4.8,39021,8.19
2019,10,"The 5 Love Languages: The Secret to Love that Lasts","Gary Chapman",4.8,37832,1.5
2019,11,"Girl, Stop Apologizing: A Shame-Free Plan for Embracing and Achieving Your Goals","Rachel Hollis",4.6,10177,9.99
2019,12,"The Wonky Donkey","Craig Smith",4.8,43716,2.75
2019,13,"The Subtle Art of Not Giving a F*ck: A Counterintuitive Approach to Living a Good Life","Mark Manson",4.6,37305,15.57
2019,14,"Difficult Riddles For Smart Kids: 300 Difficult Riddles And Brain Teasers Families Will Love (Books for Smart Kids)","M Prefontaine",4.6,12830,5.48
2019,15,"Salt, Fat, Acid, Heat: Mastering the Elements of Good Cooking","Samin Nosrat",4.8,10983,20.96
2019,16,"The Very Hungry Caterpillar","Eric Carle",4.9,30371,0.94
2019,17,"What Should Danny Do? (The Power to Choose Series)","Adir Levy",4.8,12153,13.19
2019,18,"It's Not Supposed to Be This Way: Finding Unexpected Strength When Disappointments Leave You Shattered","Lysa TerKeurst",4.8,10896,17.48
2019,19,"I Am Confident, Brave & Beautiful: A Coloring Book for Girls","Hopscotch Girls",4.8,15585,7.52
2019,20,"The Four Agreements: A Practical Guide to Personal Freedom (A Toltec Wisdom Book)","Don Miguel Ruiz",4.7,37010,5.72
2019,21,"Unfreedom of the Press","Mark R. Levin",4.9,7372,11
2019,22,"Dog Man: Brawl of the Wild: From the Creator of Captain Underpants (Dog Man #6)","Dav Pilkey",4.9,10683,4.98
2019,23,"Giraffes Can't Dance (Board Book)","Giles Andreae",4.8,20385,0.94
2019,24,"If Animals Kissed Good Night","Ann Whitford Paul",4.8,29939,4.79
2019,25,"Oh, the Places You'll Go!","Dr. Seuss",4.9,16856,8.98
2019,26,"Howard Stern Comes Again","Howard Stern",4.4,6433,18.38
2019,27,"Guts","Raina Telgemeier",4.8,7864,7.01
2019,28,"The Life-Changing Magic of Tidying Up: The Japanese Art of Decluttering and Organizing","Marie Kondō",4.5,24520,0.94
2019,29,"Harry Potter and the Goblet of Fire: The Illustrated Edition (Harry Potter, Book 4) (4)","J. K. Rowling",4.9,11592,22.48
2019,30,"National Geographic Little Kids First Big Book of Why (National Geographic Little Kids First Big Books)","Amy Shields",4.8,11033,8.99
2019,31,"Instant Pot Pressure Cooker Cookbook: 500 Everyday Recipes for Beginners and Advanced Users. Try Easy and Healthy…","Jennifer Smith",4.4,9705,8.99
2019,32,"The Body Keeps the Score: Brain, Mind, and Body in the Healing of Trauma","Bessel van der Kolk M.D.",4.8,19872,12.71
2019,33,"Good Days Start With Gratitude: A 52 Week Guide To Cultivate An Attitude Of Gratitude: Gratitude Journal","Pretty Simple Press",4.6,15371,6.99
2019,34,"Goodnight Moon","Margaret Wise Brown",4.9,13055,0.25
2019,35,"The Complete Ketogenic Diet for Beginners: Your Essential Guide to Living the Keto Lifestyle","Amy Ramos",4.3,18251,6.99
2019,36,"Unicorn Coloring Book: For Kids Ages 4-8 (US Edition) (Silly Bear Coloring Books)","Silly Bear",4.8,9451,4.99
2019,37,"Strange Planet (Strange Planet Series)","Nathan W. Pyle",4.9,12198,9.31
2019,38,"Player's Handbook (Dungeons & Dragons)","Wizards RPG Team",4.8,24160,18.99
2019,39,"The Silent Patient","Alex Michaelides",4.5,50122,10.4
2019,40,"5,000 Awesome Facts (About Everything!) (National Geographic Kids)","National Geographic Kids",4.8,11286,11.97
2019,41,"To Kill a Mockingbird","Harper Lee",4.8,35374,2.25
2019,42,"You Are a Badass: How to Stop Doubting Your Greatness and Start Living an Awesome Life","Jen Sincero",4.7,20403,1.4
2019,43,"National Geographic Kids Why?: Over 1,111 Answers to Everything","Crispin Boyer",4.8,7629,11.25
2019,44,"Can't Hurt Me: Master Your Mind and Defy the Odds","David Goggins",4.8,25506,17.94
2019,45,"The Guardians: A Novel","John Grisham",4.5,19082,13.99
2019,46,"P is for Potty! (Sesame Street) (Lift-the-Flap)","Naomi Kleinberg",4.7,16302,5.68
2019,47,"The Total Money Makeover: Classic Edition: A Proven Plan for Financial Fitness","Dave Ramsey",4.7,16204,3.81
2019,48,"Brown Bear, Brown Bear, What Do You See?","Bill Martin Jr.",4.9,21233,5
2019,49,"The Unofficial Harry Potter Cookbook: From Cauldron Cakes to Knickerbocker Glory--More Than 150 Magical Recipes for…","Dinah Bucholz",4.7,14079,4.62
2019,50,"The Mueller Report","The Washington Post",4.6,3366,1.38
2019,51,"Zen as F*ck (Zen as F*ck Journals)","Monica Sweeney",4.7,13843,3.05
2019,52,"Rich Dad Poor Dad: What the Rich Teach Their Kids About Money That the Poor and Middle Class Do Not!","Robert T. Kiyosaki",4.7,37521,6.99
2019,53,"The Institute: A Novel","Stephen King",4.7,19074,14.95
2019,54,"The Testaments: The Sequel to The Handmaid's Tale","Margaret Atwood",4.6,16173,2.38
2019,55,"Super Deluxe Essential Handbook (Pokémon): The Need-to-Know Stats and Facts on Over 800 Characters","Scholastic",4.8,11748,10.79
2019,56,"Lettering and Modern Calligraphy: A Beginner's Guide: Learn Hand Lettering and Brush Lettering","Paper Peony Press",4.5,11115,6.99
2019,57,"Carson Dellosa First Words Flash Cards—Double-Sided, Common Words With Illustrations, Basic Animals, Food, Objects…","Brighter Child",4.8,26052,2.52
2019,58,"Atomic Habits: An Easy & Proven Way to Build Good Habits & Break Bad Ones","James Clear",4.8,21640,11.98
2019,59,"Make Your Bed: Little Things That Can Change Your Life...And Maybe the World","Admiral William H. McRaven",4.7,14473,4.25
2019,60,"The Gifts of Imperfection: Let Go of Who You Think You're Supposed to Be and Embrace Who You Are","Brené Brown",4.7,15647,2.82
2019,61,"Sapiens: A Brief History of Humankind","Yuval Noah Harari",4.6,32903,9.42
2019,62,"What to Expect When You're Expecting","Heidi Murkoff",4.7,13058,9.89
2019,63,"Where the Crawdads Sing","Delia Owens",4.8,126302,6.08
2019,64,"Daring Greatly: How the Courage to Be Vulnerable Transforms the Way We Live, Love, Parent, and Lead","Brené Brown",4.8,6890,13.07
2019,65,"The Alchemist, 25th Anniversary: A Fable About Following Your Dream","Paulo Coelho",4.7,41982,4.31
2019,66,"Publication Manual of the American Psychological Association, 6th Edition","American Psychological Association",4.5,10383,15.99
2019,67,"The Pout-Pout Fish","Deborah Diesen",4.9,13899,0.35
2019,68,"Talking to Strangers: What We Should Know about the People We Don't Know","Malcolm Gladwell",4.5,8551,14.3
2019,69,"Dear Zoo: A Lift-the-Flap Book","Rod Campbell",4.8,15249,0.94
2019,70,"The Overstory: A Novel","Richard Powers",4.4,7876,11.39
2019,71,"Fahrenheit 451","Ray Bradbury",4.6,15019,1.27
2019,72,"StrengthsFinder 2.0","Tom Rath",4,5517,15.79
2019,73,"12 Rules for Life: An Antidote to Chaos","Jordan B. Peterson",4.7,27209,9.63
2019,74,"Eleanor Oliphant Is Completely Fine: A Novel","Gail Honeyman",4.5,32755,12.78
2019,75,"Me: Elton John Official Autobiography","Elton John",4.8,13527,2.92
2019,76,"The Road Back to You: An Enneagram Journey to Self-Discovery","Ian Morgan Cron",4.7,5900,14.35
2019,77,"The Tattooist of Auschwitz: A Novel","Heather Morris",4.7,31328,8.91
2019,78,"People of Walmart.com Adult Coloring Book: Rolling Back Dignity (OFFICIAL People of Walmart Coloring Books)","Andrew Kipple",4.7,6544,3.23
2019,79,"The Great Gatsby","F. Scott Fitzgerald",4.4,10814,8.74
2019,80,"The Complete Cookbook for Young Chefs: 100+ Recipes that You'll Love to Cook and Eat","America's Test Kitchen Kids",4.8,8803,6.92
2019,81,"Blowout: Corrupted Democracy, Rogue State Russia, and the Richest, Most Destructive Industry on Earth","Rachel Maddow",4.8,5957,2.17
2019,82,"Love You Forever","Robert Munsch",4.9,26343,0.25
2019,83,"The Easy 5-Ingredient Ketogenic Diet Cookbook: Low-Carb, High-Fat Recipes for Busy People on the Keto Diet","Jen Fisch",4.4,7463,6.76
2019,84,"The Giving Tree","Shel Silverstein",4.9,15066,1.7
2019,85,"Dragons Love Tacos","Adam Rubin",4.7,7764,9.5
2019,86,"How to Win Friends & Influence People","Dale Carnegie",4.7,33580,5.28
2019,87,"Magnolia Table","Joanna Gaines",4.8,14203,16.59
2019,88,"The Obesity Code (Unlocking the Secrets of Weight Loss) (BOOK 1)","Jason Fung",4.6,13908,5
2019,89,"Magic Tree House Boxed Set, Books 1-4: Dinosaurs Before Dark, The Knight at Dawn, Mummies in the Morning, and Pirates…","Mary Pope Osborne",4.8,8170,2.64
2019,90,"Then She Was Gone: A Novel","Lisa Jewell",4.5,21151,8.6
2019,91,"The Pioneers: The Heroic Story of the Settlers Who Brought the American Ideal West","David McCullough",4.5,4192,18.93
2019,92,"Wacky Waving Inflatable Tube Guy (RP Minis)","Conor Riordan",4,16895,7.82
2019,93,"Medical Medium Liver Rescue: Answers to Eczema, Psoriasis, Diabetes, Strep, Acne, Gout, Bloating, Gallstones, Adrenal…","Anthony William",4.7,7132,19.29
2019,94,"The Care and Keeping of You: The Body Book for Younger Girls, Revised Edition (American Girl Library)","Valorie Schaefer",4.8,13659,0.94
2019,95,"There's No Place Like Space: All About Our Solar System (Cat in the Hat's Learning Library)","Tish Rabe",4.8,11992,0.94
2019,96,"How to Draw 101 Animals (1)","Dan Green",4.7,10629,0.9
2019,97,"Unicorn Activity Book for Kids Ages 4-8: A Fun Kid Workbook Game For Learning, Coloring, Dot To Dot, Mazes, Word Search…","Activity Slayer",4.7,4923,6.97
2019,98,"Simply Keto: A Practical Approach to Health & Weight Loss, with 100+ Easy Low-Carb Recipes (1)","Suzanne Ryan",4.6,6907,7.09
2019,99,"The Outsiders","S. E. Hinton",4.8,14704,5.89
2019,100,"The Try Not to Laugh Challenge - Would Your Rather? - EWW Edition","Crazy Corey",4.6,6471,4.89
2020,1,"A Promised Land","Barack Obama",4.9,34830,27
2020,2,"Too Much and Never Enough: How My Family Created the World's Most Dangerous Man","Mary L. Trump Ph.D.",4.6,84008,19.58
2020,3,"Where the Crawdads Sing","Delia Owens",4.8,126619,4.55
2020,4,"My First Learn to Write Workbook: Practice for Kids with Pen Control, Line Tracing, Letters, and More! (Kids coloring…","Crystal Radke",4.8,38398,5.39
2020,5,"Midnight Sun","Stephenie Meyer",4.8,53493,13.32
2020,6,"Untamed","Glennon Doyle",4.6,32702,15.89
2020,7,"If Animals Kissed Good Night","Ann Whitford Paul",4.8,30125,4.79
2020,8,"White Fragility: Why It's So Hard for White People to Talk About Racism","Robin DiAngelo",4.5,27495,9.6
2020,9,"School Zone - Big Preschool Workbook - Ages 3 to 5, Colors, Shapes, Numbers 1-10, Early Math, Alphabet, Pre-Writing…","School Zone",4.8,39151,8.19
2020,10,"The Room Where It Happened: A White House Memoir","John Bolton",4.3,40348,11.97
2020,11,"The Ballad of Songbirds and Snakes (A Hunger Games Novel)","Suzanne Collins",4.7,32448,14.38
2020,12,"Dog Man: Grime and Punishment: From the Creator of Captain Underpants (Dog Man #9) (9)","Dav Pilkey",4.9,22821,6.49
2020,13,"The Very Hungry Caterpillar","Eric Carle",4.9,30478,0.94
2020,14,"Becoming (182 GRAND)","Michelle Obama",4.8,85004,3.9
2020,15,"How to Be an Antiracist","Ibram X. Kendi",4.8,17181,9.29
2020,16,"The Four Agreements: A Practical Guide to Personal Freedom (A Toltec Wisdom Book)","Don Miguel Ruiz",4.7,37153,5.72
2020,17,"Rage","Bob Woodward",4.7,23281,12
2020,18,"Caste (Oprah's Book Club): The Origins of Our Discontents","Isabel Wilkerson",4.8,15671,19.02
2020,19,"Greenlights","Matthew McConaughey",4.7,13189,18
2020,20,"I Am Confident, Brave & Beautiful: A Coloring Book for Girls","Hopscotch Girls",4.8,15680,7.44
2020,21,"American Dirt (Oprah's Book Club): A Novel","Jeanine Cummins",4.6,31834,16.75
2020,22,"The Boy, the Mole, the Fox and the Horse","Charlie Mackesy",4.8,37452,13.49
2020,23,"Little Fires Everywhere: A Novel","Celeste Ng",4.5,38374,10.2
2020,24,"The Deep End (Diary of a Wimpy Kid Book 15)","Jeff Kinney",4.9,14069,7.38
2020,25,"Atomic Habits: An Easy & Proven Way to Build Good Habits & Break Bad Ones","James Clear",4.8,21757,11.98
2020,26,"I Love You to the Moon and Back","Amelia Hepworth",4.9,17886,2
2020,27,"How to Catch a Mermaid","Adam Wallace",4.8,13724,1.68
2020,28,"The Splendid and the Vile: A Saga of Churchill, Family, and Defiance During the Blitz","Erik Larson",4.7,11733,14.77
2020,29,"How to Catch a Unicorn","Adam Wallace",4.8,14990,2
2020,30,"Giraffes Can't Dance (Board Book)","Giles Andreae",4.8,20456,0.94
2020,31,"Brown Bear, Brown Bear, What Do You See?","Bill Martin Jr.",4.9,21291,5
2020,32,"The 5 Love Languages: The Secret to Love that Lasts","Gary Chapman",4.8,37948,1.5
2020,33,"Magnolia Table, Volume 2: A Collection of Recipes for Gathering","Joanna Gaines",4.9,13359,20.79
2020,34,"The Vanishing Half: A Novel","Brit Bennett",4.5,27698,16.2
2020,35,"Modern Comfort Food: A Barefoot Contessa Cookbook","Ina Garten",4.8,7584,21
2020,36,"Prayer Journal for Women: 52 Week Scripture, Devotional & Guided Prayer Journal","Shannon Roberts",4.8,19249,9.95
2020,37,"The Wonky Donkey","Craig Smith",4.8,43878,2.75
2020,38,"The Body Keeps the Score: Brain, Mind, and Body in the Healing of Trauma","Bessel van der Kolk M.D.",4.8,19943,10.18
2020,39,"Paint by Sticker Kids: Zoo Animals: Create 10 Pictures One Sticker at a Time!","Workman Publishing",4.8,9064,5.9
2020,40,"Paint by Sticker Kids: Unicorns & Magic: Create 10 Pictures One Sticker at a Time! Includes Glitter Stickers","Workman Publishing",4.8,10357,7.29
2020,41,"What Should Danny Do? (The Power to Choose Series)","Adir Levy",4.8,12201,13.19
2020,42,"Wacky Waving Inflatable Tube Guy (RP Minis)","Conor Riordan",4,17065,7.82
2020,43,"The Silent Patient","Alex Michaelides",4.5,50320,10.4
2020,44,"The Big Book of Silly Jokes for Kids (Big Book of Silly Jokes for Kids Series)","Carole P. Roman",4.7,9583,8.94
2020,45,"Chicka Chicka Boom Boom (Board Book)","Bill Martin Jr.",4.9,17374,4.59
2020,46,"Live Free Or Die: America (and the World) on the Brink","Sean Hannity",4.8,17624,15
2020,47,"Burn After Writing","Sharon Jones",4.6,20964,8.24
2020,48,"Get Out of Your Head: Stopping the Spiral of Toxic Thoughts","Jennie Allen",4.7,10574,10.41
2020,49,"Human Body Activity Book for Kids: Hands-On Fun for Grades K-3","Ph.D.",4.7,12315,5.39
2020,50,"Educated: A Memoir","Tara Westover",4.7,39810,19.6
2020,51,"Then She Was Gone: A Novel","Lisa Jewell",4.5,21218,8.6
2020,52,"Difficult Riddles For Smart Kids: 300 Difficult Riddles And Brain Teasers Families Will Love (Books for Smart Kids)","M Prefontaine",4.6,12927,5.48
2020,53,"1984 (Signet Classics)","George Orwell",4.7,33332,3.11
2020,54,"Humans","Brandon Stanton",4.9,7099,17.5
2020,55,"Goodnight Moon","Margaret Wise Brown",4.9,13090,0.25
2020,56,"I've Loved You Since Forever","Hoda Kotb",4.8,14069,2.5
2020,57,"Just Mercy: A Story of Justice and Redemption","Bryan Stevenson",4.8,15340,3.04
2020,58,"Rich Dad Poor Dad: What the Rich Teach Their Kids About Money That the Poor and Middle Class Do Not!","Robert T. Kiyosaki",4.7,37622,6.99
2020,59,"The Complete Cookbook for Young Chefs: 100+ Recipes that You'll Love to Cook and Eat","America's Test Kitchen Kids",4.8,8864,6.87
2020,60,"Publication Manual of the American Psychological Association: 7th Edition, 2020 Copyright","American Psychological Association",4.8,12650,20.59
2020,61,"First Little Readers Parent Pack: Guided Reading Level A: 25 Irresistible Books That Are Just the Right Level for…","Deborah Schecter",4.7,13358,10.2
2020,62,"The Mamba Mentality: How I Play","Kobe Bryant",4.9,12179,18.77
2020,63,"School Zone - Multiplication 0-12 Flash Cards - Ages 8+, 3rd Grade, 4th Grade, Elementary Math, Multiplication Facts…","School Zone",4.7,13375,2.67
2020,64,"There's No Place Like Space: All About Our Solar System (Cat in the Hat's Learning Library)","Tish Rabe",4.8,12048,0.94
2020,65,"Disloyal: A Memoir: The True Story of the Former Personal Attorney to President Donald J. Trump","Michael Cohen",4.6,21801,16.15
2020,66,"My First Toddler Coloring Book: Fun with Numbers, Letters, Shapes, Colors, and Animals! (Kids coloring activity books)","Tanya Emelyanova",4.8,9319,0.93
2020,67,"The Alchemist, 25th Anniversary: A Fable About Following Your Dream","Paulo Coelho",4.7,42085,4.31
2020,68,"To Kill a Mockingbird","Harper Lee",4.8,35453,2.18
2020,69,"Percy Jackson and the Olympians 5 Book Paperback Boxed Set (new covers w/poster) (Percy Jackson & the Olympians)","Rick Riordan",4.9,14924,21
2020,70,"Magnolia Table","Joanna Gaines",4.8,14266,16.59
2020,71,"Llama Llama Loves Camping","Anna Dewdney",4.7,11122,1.35
2020,72,"So You Want to Talk About Race","Ijeoma Oluo",4.8,8542,10.19
2020,73,"Blackout: How Black America Can Make Its Second Escape from the Democrat Plantation","Candace Owens",4.9,11281,19.91
2020,74,"How to Draw 101 Animals (1)","Dan Green",4.7,10684,0.9
2020,75,"Awesome Science Experiments for Kids: 100+ Fun STEM / STEAM Projects and Why They Work (Awesome STEAM Activities for…","Crystal Chatterton",4.7,7917,8.99
2020,76,"The Unofficial Harry Potter Cookbook: From Cauldron Cakes to Knickerbocker Glory--More Than 150 Magical Recipes for…","Dinah Bucholz",4.7,14166,4.57
2020,77,"A Time for Mercy (Jake Brigance)","John Grisham",4.6,26258,16.79
2020,78,"Oh, the Places You'll Go!","Dr. Seuss",4.9,16877,8.98
2020,79,"Good Days Start With Gratitude: A 52 Week Guide To Cultivate An Attitude Of Gratitude: Gratitude Journal","Pretty Simple Press",4.6,15459,6.99
2020,80,"The Pout-Pout Fish","Deborah Diesen",4.9,13944,0.35
2020,81,"Dog Man: Fetch-22: From the Creator of Captain Underpants (Dog Man #8)","Dav Pilkey",4.9,17561,8
2020,82,"Where's Spot?","Eric Hill",4.8,14081,1.23
2020,83,"Salt, Fat, Acid, Heat: Mastering the Elements of Good Cooking","Samin Nosrat",4.8,11025,20.96
2020,84,"Man's Search for Meaning","Viktor E. Frankl",4.7,23253,8.39
2020,85,"Ready Player Two: A Novel","Ernest Cline",4.2,8883,17.39
2020,86,"Preschool Math Workbook for Toddlers Ages 2-4: Beginner Math Preschool Learning Book with Number Tracing and Matching…","Modern Kid Press",4.7,10257,6.99
2020,87,"Stamped from the Beginning: The Definitive History of Racist Ideas in America (National Book Award Winner)","Ibram X. Kendi",4.8,7996,7.38
2020,88,"Let That Sh*t Go: A Journal for Leaving Your Bullsh*t Behind and Creating a Happy Life (Zen as F*ck Journals)","Monica Sweeney",4.7,10041,8.99
2020,89,"The Intelligent Investor: The Definitive Book on Value Investing. A Book of Practical Counsel (Revised Edition)","Benjamin Graham",4.7,15468,14.29
2020,90,"The Wonderful Things You Will Be","Emily Winfield Martin",4.9,12089,1.9
2020,91,"Carson Dellosa First Words Flash Cards—Double-Sided, Common Words With Illustrations, Basic Animals, Food, Objects…","Brighter Child",4.8,26146,2.52
2020,92,"The Subtle Art of Not Giving a F*ck: A Counterintuitive Approach to Living a Good Life","Mark Manson",4.6,37407,15.8
2020,93,"Love You Forever","Robert Munsch",4.9,26363,0.25
2020,94,"Magic Tree House Boxed Set, Books 1-4: Dinosaurs Before Dark, The Knight at Dawn, Mummies in the Morning, and Pirates…","Mary Pope Osborne",4.8,8212,2.56
2020,95,"Zen as F*ck (Zen as F*ck Journals)","Monica Sweeney",4.7,13899,3.02
2020,96,"Relationship Goals: How to Win at Dating, Marriage, and Sex","Michael Todd",4.8,13775,10.49
2020,97,"The Happy in a Hurry Cookbook: 100-Plus Fast and Easy New Recipes That Taste Like Home (The Happy Cookbook Series)","Steve Doocy",4.7,7923,20.98
2020,98,"Learn to Read: A Magical Sight Words and Phonics Activity Workbook for Beginning Readers Ages 5-7: Reading Made Easy…","Modern Kid Press",4.7,9455,6.99
2020,99,"P is for Potty! (Sesame Street) (Lift-the-Flap)","Naomi Kleinberg",4.7,16340,5.68
2020,100,"Player's Handbook (Dungeons & Dragons)","Wizards RPG Team",4.8,24240,17.98
