title,series,rating,language,genres,bookFormat,pages,publisher,awards,numRatings,ratingsByStars,likedPercent,setting,Year,Author,Rating,Num_Customers_Rated,Price
12 Rules for Life: An Antidote to Chaos,,3.94,English,"['Nonfiction', 'Psychology', 'Self Help', 'Philosophy', 'Personal Development', 'Audiobook', 'Religion', 'Unfinished', 'Science', 'Politics']",Hardcover,409,Random House Canada,['Goodreads Choice Award Nominee for Nonfiction (2018)'],102470,"['42381', '29881', '17108', '7652', '5448']",87.0,[],2018,Jordan B. Peterson,4.7,27211,12.36
"A Higher Loyalty: Truth, Lies, and Leadership",,4.1,English,"['Nonfiction', 'Politics', 'Memoir', 'Biography', 'History', 'Audiobook', 'Leadership', 'Autobiography', 'Biography Memoir', 'American History']",Hardcover,290,Flatiron Books,['Goodreads Choice Award Nominee for Memoir & Autobiography (2018)'],43575,"['17424', '17058', '6359', '1573', '1161']",94.0,"['White House, Washington, D.C. (United States)', 'United States of America']",2018,James Comey,4.7,7343,10.29
A Long Walk to Water: Based on a True Story,,4.28,English,"['Historical Fiction', 'Young Adult', 'Africa', 'Middle Grade', 'Fiction', 'Realistic Fiction', 'Historical', 'War', 'Childrens', 'Cultural']",Hardcover,128,Clarion Books,"[""Jane Addams Children's Book Award for Older Children (2011)"", ""Flicker Tale Children's Book Award Nominee for Juvenile (2012)"", ""Pennsylvania Young Readers' Choice Award Nominee for Grades 6-8 (2013)"", ""Rebecca Caudill Young Readers' Book Award Nominee (2015)""]",52998,"['25474', '19066', '6656', '1296', '506']",97.0,"['Sudan', 'East Africa']",2015,Linda Sue Park,4.8,8426,4.79
A Visit from the Goon Squad,,3.67,English,"['Fiction', 'Contemporary', 'Music', 'Short Stories', 'Literary Fiction', 'Novels', 'Adult Fiction', 'Literature', 'Book Club', 'Adult']",Hardcover,288,Knopf,"['Pulitzer Prize for Fiction (2011)', 'Orange Prize Nominee for Fiction Longlist (2011)', 'PEN/Faulkner Award for Fiction Nominee (2011)', 'Los Angeles Times Book Prize for Fiction (2010)', 'National Book Critics Circle Award for Fiction (2010)', 'Galaxy National Book Award for International Author of the Year (2011)', 'Goodreads Choice Award Nominee for Fiction (2010)', 'International Dublin Literary Award Nominee for Shortlist (2012)', 'The Rooster -- The Morning News Tournament of Books (2011)']",175124,"['43841', '61545', '44794', '17868', '7076']",86.0,"['San Francisco, California (United States)', 'New York City, New York (United States)', 'Crandale, New York (United States)', 'Naples (Italy)', 'Pompeii (Italy)', 'Los Angeles, California (United States)', 'Times Square, New York City, New York (United States)']",2011,Jennifer Egan,3.9,1929,12.68
Alexander Hamilton,,4.21,English,"['History', 'Biography', 'Nonfiction', 'American History', 'Politics', 'Audiobook', 'Historical', 'Biography Memoir', 'American Revolution', 'Unfinished']",Paperback,818,Penguin Books,"['George Washington Book Prize (2005)', 'National Book Critics Circle Award Nominee for Biography (2004)']",128855,"['64142', '40687', '15129', '4615', '4282']",93.0,['United States of America'],2016,Ron Chernow,4.8,13071,3.01
All the Light We Cannot See,,4.33,English,"['Historical Fiction', 'Fiction', 'Historical', 'War', 'World War II', 'Adult', 'Audiobook', 'France', 'Book Club', 'Adult Fiction']",Hardcover,531,Scribner,"['Pulitzer Prize for Fiction (2015)', 'Audie Award for Fiction (2015)', 'ALA Alex Award (2015)', 'Dayton Literary Peace Prize Nominee for Fiction (2015)', 'Ohioana Book Award for Fiction (2015)', 'Australian Book Industry Award (ABIA) for International Book (2015)', 'Andrew Carnegie Medal for Fiction (2015)', 'Idaho Book of the Year Award (2014)', 'National Book Award Finalist for Fiction (2014)', 'Goodreads Choice Award for Historical Fiction (2014) and Nominee for Best of the Best  (2018)', 'International Dublin Literary Award Nominee (2016)']",1024442,"['541185', '329482', '113565', '27961', '12249']",96.0,"['Paris (France)', 'Zollverein (Germany)', 'Evreux (France)', 'Saint-Malo (France)', 'Essen (Germany)', 'Berlin (Germany)', 'Schulpforte (Germany)', 'Vienna (Austria)', 'Épernay (France)', 'Nuremberg (Germany)']",2015,Anthony Doerr,4.6,40382,14.52
Allegiant,Divergent #3,3.62,English,"['Young Adult', 'Dystopia', 'Fiction', 'Science Fiction', 'Fantasy', 'Romance', 'Adventure', 'Teen', 'Post Apocalyptic', 'Audiobook']",Paperback,526,HarperCollins Children's Book's,['Goodreads Choice Award for Best Young Adult Fantasy & Science Fiction (2013)'],826865,"['230358', '237634', '218195', '98788', '41890']",83.0,"['Chicago, Illinois (United States)']",2014,Veronica Roth,4.0,7030,13.71
American Sniper: The Autobiography of the Most Lethal Sniper in U.S. Military History,,4.0,English,"['Nonfiction', 'Biography', 'Military Fiction', 'History', 'War', 'Memoir', 'Autobiography', 'Audiobook', 'Military History', 'Biography Memoir']",Paperback,528,HarperCollins,[],110501,"['44354', '35275', '20950', '6607', '3315']",91.0,[],2015,Chris Kyle,4.6,16858,0.35
And the Mountains Echoed,,4.05,English,"['Fiction', 'Historical Fiction', 'Contemporary', 'Adult', 'Adult Fiction', 'Novels', 'Book Club', 'Literary Fiction', 'Historical', 'Drama']",Hardcover,404,Riverhead Books,"['Australian Book Industry Award (ABIA) Nominee for International Book (2014)', 'Andrew Carnegie Medal Nominee for Fiction (2014)', 'Goodreads Choice Award for Fiction (2013)', 'DSC Prize Nominee for South Asian Literature  for Longlist (2015)']",301931,"['107293', '121481', '58470', '11635', '3052']",95.0,"['Kabul (Afghanistan)', 'California (United States)', 'Paris (France)', 'Tinos (Greece)', 'Afghanistan']",2013,Khaled Hosseini,4.3,12984,19.95
Astrophysics for People in a Hurry,,4.08,English,"['Nonfiction', 'Science', 'Audiobook', 'Physics', 'Space', 'Astronomy', 'History', 'Popular Science', 'Adult', 'Education']",Hardcover,224,W. W. Norton Company,"['Grammy Award Nominee for Best Spoken Word Album (2018)', 'Goodreads Choice Award for Science & Technology (2017)']",113066,"['41004', '46546', '20275', '3691', '1550']",95.0,[],2018,Neil deGrasse Tyson,4.7,12157,9.49
Atomic Habits: An Easy & Proven Way to Build Good Habits & Break Bad Ones,,4.34,English,"['Nonfiction', 'Self Help', 'Psychology', 'Personal Development', 'Productivity', 'Audiobook', 'Business', 'Leadership', 'Health', 'Science']",Kindle Edition,319,Avery,['Goodreads Choice Award Nominee for Nonfiction (2018)'],125755,"['66905', '41442', '13018', '2646', '1744']",97.0,[],2019,James Clear,4.8,21640,11.98
Bared to You,Crossfire #1,4.18,English,"['Romance', 'Erotica', 'Contemporary', 'Adult', 'Contemporary Romance', 'Erotic Romance', 'Fiction', 'BDSM', 'New Adult', 'Chick Lit']",Paperback,334,Berkley,"['All About Romance (AAR) Annual Reader Poll for Best Erotic Romance AND Most Tortured Hero (2013)', 'Goodreads Choice Award Nominee for Romance and for Goodreads Author (2012)']",453822,"['230795', '121473', '66084', '23103', '12367']",92.0,"['New York City, New York (United States)']",2012,Sylvia Day,4.3,10507,10.0
Being Mortal: Medicine and What Matters in the End,,4.44,English,"['Nonfiction', 'Medicine', 'Science', 'Health', 'Medical', 'Philosophy', 'Audiobook', 'Death', 'Psychology', 'Memoir']",Hardcover,282,Metropolitan Books,"['Samuel Johnson Prize for Non-Fiction Nominee for Longlist (2014)', 'Goodreads Choice Award Nominee for Nonfiction (2014)', 'Royal Society of Biology General Book Prize (2015)']",132493,"['79068', '38645', '10263', '2692', '1825']",97.0,[],2015,Atul Gawande,4.8,12749,24.99
Between the World and Me,,4.39,English,"['Nonfiction', 'Memoir', 'Race', 'Audiobook', 'History', 'Biography', 'Social Justice', 'Essays', 'Politics', 'African American']",Hardcover,152,Spiegel & Grau,"['Pulitzer Prize Nominee for General Nonfiction (2016)', 'National Book Award for Nonfiction (2015)', 'ALA Alex Award (2016)', 'PEN/Diamonstein-Spielvogel Award for the Art of the Essay  (2016)', 'National Book Critics Circle Award Nominee for Criticism (2015)', 'NAIBA Book of the Year for Nonfiction (2016)', 'Kirkus Prize for Nonfiction (2015)', 'Goodreads Choice Award Nominee for Nonfiction (2015)']",235339,"['136056', '69174', '20504', '5880', '3725']",96.0,['United States of America'],2016,Ta-Nehisi Coates,4.7,14509,7.86
Big Little Lies,,4.27,English,"['Fiction', 'Mystery', 'Contemporary', 'Chick Lit', 'Audiobook', 'Adult', 'Thriller', 'Mystery Thriller', 'Adult Fiction', 'Australia']",Paperback,460,Berkley Books,"['Davitt Award for Best Adult Novel (2015)', 'Australian Book Industry Award (ABIA) Nominee for General Fiction (2015)', 'Goodreads Choice Award Nominee for Fiction (2014)']",747614,"['345232', '292031', '86241', '15575', '8535']",97.0,"['Sydney, New South Wales (Australia)']",2017,Liane Moriarty,4.6,23894,7.78
Boomerang: Travels in the New Third World,,3.9,English,"['Nonfiction', 'Economics', 'Business', 'Finance', 'History', 'Politics', 'Travel', 'Audiobook', 'Journalism', 'Money']",Paperback,218,W. W. Norton Company,['Goodreads Choice Award Nominee for Nonfiction (2011)'],40789,"['11814', '16937', '9234', '1877', '927']",93.0,[],2011,Michael Lewis,4.4,1448,15.99
Born to Run,,4.18,English,"['Animals', 'Fiction', 'Childrens', 'Novels', 'Adventure', 'Middle Grade', 'Dogs', 'Chapter Books', 'School', 'Health']",Paperback,251,HarperCollins Children's Books,['Manchester Book Award  Nominee for Longlist (2009)'],5309,"['2308', '1879', '931', '154', '37']",96.0,[],2016,Bruce Springsteen,4.7,4288,2.5
"Born to Run: A Hidden Tribe, Superathletes, and the Greatest Race the World Has Never Seen",,4.29,English,"['Nonfiction', 'Sports', 'Health', 'Fitness', 'Adventure', 'Science', 'Memoir', 'Audiobook', 'Travel', 'Biography']",Hardcover,287,Knopf,['Goodreads Choice Award Nominee for Nonfiction (2009)'],168304,"['84420', '57427', '19830', '4400', '2227']",96.0,"['Mexico', 'Colorado (United States)']",2011,Christopher McDougall,4.7,7586,1.14
Bring Up the Bodies,Thomas Cromwell #2,4.27,English,"['Historical Fiction', 'Fiction', 'Historical', 'British Literature', 'Literary Fiction', 'Audiobook', 'Tudor Period', 'Literature', 'Novels', '16th Century']",Hardcover,412,"Henry Holt & Company, Inc.","['Booker Prize (2012)', 'Costa Book Award for Novel (2012)', 'Audie Award for Literary Fiction (2013)', ""Women's Prize for Fiction Nominee (2013)"", 'Andrew Carnegie Medal Nominee for Fiction (2013)', 'Walter Scott Prize Nominee (2013)', 'Goodreads Choice Award Nominee for Historical Fiction (2012)', 'Waterstones Book of the Year Nominee (2012)', 'Costa Book of the Year (2012)']",73119,"['35660', '26088', '7988', '2176', '1207']",95.0,['England'],2012,Hilary Mantel,4.5,5796,21.08
"Brown Bear, Brown Bear, What Do You See?",Bill Martin's Bears #1,4.21,English,"['Picture Books', 'Childrens', 'Animals', 'Fiction', 'Classics', 'Storytime', 'Poetry', 'Kids', 'Juvenile', 'Young Adult']",Board book,24,Henry Holt and Co.,[],151837,"['80378', '36496', '25035', '7022', '2906']",93.0,[],2017,Bill Martin Jr.,4.9,21233,5.0
Can't Hurt Me: Master Your Mind and Defy the Odds,,4.41,,"['Nonfiction', 'Self Help', 'Biography', 'Personal Development', 'Psychology', 'Audiobook', 'Memoir', 'Autobiography', 'Leadership', 'Military Fiction']",Kindle Edition,366,Lioncrest Publishing,[],56489,"['34729', '13829', '5396', '1636', '899']",96.0,[],2019,David Goggins,4.8,25506,17.94
Cleopatra: A Life,,3.69,English,"['History', 'Biography', 'Nonfiction', 'Historical', 'Egypt', 'Biography Memoir', 'Audiobook', 'Africa', 'Ancient History', 'Womens']",Hardcover,369,"Little, Brown and Company","['PEN/Jacqueline Bograd Weld Award for Biography (2011)', 'Goodreads Choice Award Nominee for History and Biography (2010)']",100222,"['29787', '30954', '23974', '9170', '6337']",85.0,"['Alexandria (Egypt)', 'Ptolemaic Egypt (Egypt)']",2010,Stacy Schiff,4.1,1175,11.0
Cloud Atlas,,4.01,English,"['Fiction', 'Science Fiction', 'Fantasy', 'Historical Fiction', 'Dystopia', 'Contemporary', 'Novels', 'Literary Fiction', 'Literature', 'Historical']",Paperback,509,Random House,"['Booker Prize Nominee (2004)', 'Nebula Award Nominee for Best Novel (2004)', 'Locus Award Nominee for Best SF Novel (2005)', 'Arthur C. Clarke Award Nominee (2005)', 'James Tait Black Memorial Prize Nominee for Fiction (2004)', 'British Book Award for Best Read of the Year (2005)', 'National Book Critics Circle Award Nominee for Fiction (2004)', 'Geoffrey Faber Memorial Prize (2005)', 'Tähtivaeltaja Award Nominee (2009)', 'The Rooster -- The Morning News Tournament of Books (2005)']",216149,"['85845', '73665', '36163', '13497', '6979']",91.0,"['Chatham Islands (New Zealand)', 'Neerbeke, West Vlaanderen (Belgium)', 'Buenas Yerbas (United States)', 'London, England', 'Seoul, South Korea (Korea, Republic of)', 'Maui, Hawaii (United States)']",2012,David Mitchell,4.2,414,1.49
Crazy Love: Overwhelmed by a Relentless God,,4.15,English,"['Christian', 'Nonfiction', 'Christianity', 'Christian Living', 'Faith', 'Religion', 'Theology', 'Spirituality', 'Christian Non Fiction', 'Inspirational']",Paperback,187,David C. Cook,[],149789,"['72214', '43810', '22539', '6890', '4336']",93.0,[],2010,Francis Chan,4.7,1664,14.98
Cutting for Stone,,4.29,English,"['Fiction', 'Historical Fiction', 'Africa', 'Book Club', 'Medicine', 'Ethiopia', 'Medical', 'Novels', 'Literary Fiction', 'Historical']",Hardcover,541,Alfred A. Knopf,"['PEN/Hemingway Foundation Award Nominee (2010)', 'Exclusive Books Boeke Prize Nominee (2011)', 'Indies Choice Book Award for Adult Fiction (2010)', 'Dayton Literary Peace Prize Nominee for Fiction (2010)', 'Wellcome Book Prize Nominee for Shortlist (2009)', 'Goodreads Choice Award Nominee for Fiction (2009)']",336889,"['175794', '106563', '38090', '10912', '5530']",95.0,"['Addis Ababa (Ethiopia)', 'Madras (India)', 'Kochi (India)', 'Aden (Yemen)', 'Djibouti', 'Asmara (Eritrea)', 'Khartoum (Sudan)', 'Nairobi (Kenya)', 'New York City, New York (United States)', 'Boston, Massachusetts (United States)', 'Rome (Italy)']",2011,Abraham Verghese,4.6,5286,7.59
"Daring Greatly: How the Courage to Be Vulnerable Transforms the Way We Live, Love, Parent, and Lead",,4.26,English,"['Nonfiction', 'Self Help', 'Psychology', 'Personal Development', 'Audiobook', 'Leadership', 'Parenting', 'Business', 'Spirituality', 'Relationships']",Hardcover,287,Avery,[],129648,"['65196', '41857', '16176', '4238', '2181']",95.0,[],2019,Brené Brown,4.8,6890,13.07
"David and Goliath: Underdogs, Misfits, and the Art of Battling Giants",,3.95,English,"['Nonfiction', 'Psychology', 'Business', 'Audiobook', 'Self Help', 'Sociology', 'Science', 'History', 'Leadership', 'Personal Development']",Hardcover,305,"Little, Brown and Company","['Audie Award for Nonfiction (2014)', 'Goodreads Choice Award Nominee for Nonfiction (2013)']",147875,"['46186', '59744', '32938', '6711', '2296']",94.0,[],2013,Malcolm Gladwell,4.5,5371,19.19
Dead Wake: The Last Crossing of the Lusitania,,4.09,English,"['Nonfiction', 'History', 'Audiobook', 'Historical', 'War', 'World War I', 'American History', 'Adult', 'Book Club', 'British Literature']",Hardcover,430,Crown Publishers,"['Washington State Book Award for Nonfiction (2016)', 'Goodreads Choice Award for History & Biography (2015)']",109595,"['38605', '48364', '17812', '3185', '1629']",96.0,['Lusitania'],2015,Erik Larson,4.5,8113,26.8
Decision Points,,3.79,English,"['Biography', 'Nonfiction', 'Politics', 'History', 'Memoir', 'Presidents', 'Autobiography', 'American History', 'Biography Memoir', 'Leadership']",Hardcover,497,Crown,['Goodreads Choice Award Nominee for Memoir and Autobiography (2010)'],36679,"['9728', '14700', '8676', '2147', '1428']",90.0,[],2010,George W. Bush,4.6,2201,17.8
"Delivering Happiness: A Path to Profits, Passion, and Purpose",,4.01,English,"['Business', 'Nonfiction', 'Leadership', 'Entrepreneurship', 'Biography', 'Management', 'Self Help', 'Buisness', 'Personal Development', 'Audiobook']",Hardcover,246,Grand Central Publishing,['Goodreads Choice Award Nominee for Nonfiction (2010)'],61870,"['25394', '20077', '10437', '3282', '2680']",90.0,[],2010,Tony Hsieh,4.6,2009,23.51
Divergent,Divergent #1,4.19,English,"['Young Adult', 'Dystopia', 'Fiction', 'Fantasy', 'Science Fiction', 'Romance', 'Adventure', 'Teen', 'Post Apocalyptic', 'Action']",Paperback,487,Katherine Tegen Books,"['Georgia Peach Book Award (2012)', 'South Carolina Book Award for Young Adult (2014)', 'Rhode Island Teen Book Award (2013)', 'Evergreen Teen Book Award (2014)', 'Soaring Eagle Book Award (2012)', 'Milwaukee County Teen Book Award Nominee (2012)', ""Children's Choice Book Award Nominee for Teen Choice Book of the Year (2012)"", 'Sakura Medal', 'New Mexico Land of Enchantment Award for Young Adult (2014)', 'Eliot Rosewater Indiana High School Book Award (2014)', 'California Young Readers Medal for Young Adult (2014)', 'Lincoln Award Nominee (2014)', 'DABWAHA Romance Tournament for Best Young Adult Romance (2012)', 'Goodreads Choice Award for Favorite Book and for Young Adult Fantasy & Science Fiction and Nominee for Goodreads Author (2011)', 'Green Mountain Book Award (2013)', 'The Magnolia Award for 6-8 (2014)', ""Louisiana Teen Readers' Choice (2014)"", 'Missouri Gateway Readers Award (2014)', 'Oklahoma Sequoyah Award for High Schol (2014)', 'Premio El Templo de las Mil Puertas Nominee for Mejor novela extranjera perteneciente a saga (2011)']",2906258,"['1409189', '882493', '434381', '123286', '56909']",94.0,"['Chicago, Illinois (United States)']",2013,Veronica Roth,4.6,28544,13.53
Drive: The Surprising Truth About What Motivates Us,,3.95,English,"['Nonfiction', 'Business', 'Psychology', 'Leadership', 'Self Help', 'Personal Development', 'Management', 'Education', 'Productivity', 'Science']",Hardcover,242,Riverhead Books,[],94384,"['31763', '36052', '19115', '4849', '2605']",92.0,[],2011,Daniel H. Pink,4.5,3260,2.0
Emotional Intelligence 2.0,,3.84,English,"['Psychology', 'Nonfiction', 'Self Help', 'Business', 'Leadership', 'Personal Development', 'Management', 'Buisness', 'Relationships', 'Science']",Hardcover,255,Talentsmart,['IBPA Benjamin Franklin Awards for Career (2010)'],71117,"['23606', '22910', '17074', '4950', '2577']",89.0,[],2015,Travis Bradberry,4.5,5981,13.67
"Everybody, Always: Becoming Love in a World Full of Setbacks and Difficult People",,4.49,English,"['Nonfiction', 'Christian', 'Faith', 'Self Help', 'Religion', 'Christian Living', 'Spirituality', 'Audiobook', 'Christianity', 'Inspirational']",Paperback,240,Thomas Nelson,[],22787,"['14695', '5502', '1905', '500', '185']",97.0,[],2018,Bob Goff,4.8,4195,11.89
"Everything, Everything",,4.05,English,"['Young Adult', 'Romance', 'Contemporary', 'Fiction', 'Realistic Fiction', 'Audiobook', 'Young Adult Contemporary', 'Teen', 'Coming Of Age', 'Young Adult Romance']",Hardcover,306,Delacorte Books for Young Readers,"['South Carolina Book Award for Young Adult (2018)', ""Pennsylvania Young Readers' Choice Award Nominee for Young Adults (2017)"", 'Rhode Island Teen Book Award (2017)', 'Evergreen Teen Book Award (2018)', 'Soaring Eagle Book Award (2016)', 'Milwaukee County Teen Book Award Nominee (2017)', 'Deutscher Jugendliteraturpreis Nominee for Preis der Jugendjury (2016)', 'Eliot Rosewater Indiana High School Book Award (2018)', 'Goodreads Choice Award Nominee for Debut Goodreads Author, and for Young Adult Fiction (2015)', 'Missouri Gateway Readers Award Nominee (2017)']",378851,"['151068', '130610', '70470', '19628', '7075']",93.0,"['Los Angeles, California (United States)', 'Maui, Hawaii (United States)']",2017,Nicola Yoon,4.7,4412,0.94
Fahrenheit 451,,3.99,English,"['Classics', 'Fiction', 'Science Fiction', 'Dystopia', 'School', 'Literature', 'Novels', 'Fantasy', 'Adult', 'Science Fiction Fantasy']",Kindle Edition,194,Simon & Schuster,"['Prometheus Hall of Fame Award (1984)', 'Geffen Award for Best Translated SF Book (2002)', 'California Book Award for Fiction (Silver) (1953)', 'Retro Hugo Award for Best Novel (2004)']",1680139,"['612098', '604888', '331815', '91160', '40178']",92.0,[],2018,Ray Bradbury,4.6,15019,1.26
Fifty Shades Darker,Fifty Shades #2,3.84,English,"['Romance', 'Erotica', 'Fiction', 'BDSM', 'Adult', 'Contemporary', 'Contemporary Romance', 'Chick Lit', 'Erotic Romance', 'Adult Fiction']",Paperback,532,The Writer's Coffee Shop Publishing House,[],745051,"['307884', '178317', '139476', '71981', '47393']",84.0,"['Seattle, Washington (United States)']",2013,E L James,4.4,26449,0.32
Fire and Fury: Inside the Trump White House,,3.44,English,"['Nonfiction', 'Politics', 'History', 'Audiobook', 'Biography', 'American History', 'Unfinished', 'Presidents', 'Journalism', 'American']",Hardcover,322,Henry Holt and Co.,[],71315,"['11596', '22558', '25694', '8399', '3068']",84.0,"['White House, Washington, D.C. (United States)']",2018,Michael Wolff,4.2,14617,11.1
Freedom,,3.76,English,"['Fiction', 'Contemporary', 'Novels', 'Literary Fiction', 'Literature', 'American', 'Adult Fiction', 'Family', 'Audiobook', 'Book Club']",Hardcover,562,"Farrar, Straus and Giroux","['Warwick Prize for Writing Nominee for Longlist (2013)', 'Los Angeles Times Book Prize Nominee for Fiction (2010)', 'Chicago Tribune Heartland Prize for Fiction (2011)', 'National Book Critics Circle Award Nominee for Fiction (2010)', 'Bad Sex in Fiction Award Nominee (2010)', 'John Gardner Book Award for Fiction (2011)', 'Goodreads Choice Award Nominee for Favorite Book and for Fiction (2010)']",150235,"['42269', '55185', '33341', '12890', '6550']",87.0,[],2010,Jonathan Franzen,3.7,1969,10.08
"Full Dark, No Stars",,4.06,English,"['Horror', 'Short Stories', 'Fiction', 'Thriller', 'Mystery', 'Suspense', 'Audiobook', 'Anthologies', 'Fantasy', 'Crime']",Hardcover,368,Scribner,"['Bram Stoker Award for Best Fiction Collection (2010)', 'British Fantasy Award for Best Collection (2011)', 'Goodreads Choice Award Nominee for Mystery & Thriller (2010)']",92250,"['32610', '38083', '17346', '3160', '1051']",95.0,['United States of America'],2010,Stephen King,4.6,2423,1.33
Getting Things Done: The Art of Stress-Free Productivity,,3.99,English,"['Nonfiction', 'Business', 'Productivity', 'Self Help', 'Personal Development', 'Management', 'Leadership', 'Psychology', 'Reference', 'Audiobook']",Paperback,267,Penguin Group,[],128554,"['49329', '43403', '24569', '7227', '4026']",91.0,[],2011,David Allen,4.5,3585,0.35
"Gmorning, Gnight!: Little Pep Talks for Me & You",,4.33,English,"['Poetry', 'Nonfiction', 'Self Help', 'Audiobook', 'Adult', 'Inspirational', 'Humor', 'Contemporary', 'Mental Health', 'Graphic Novels']",Capa dura,207,Headline,[],17408,"['9731', '4882', '1930', '517', '348']",95.0,[],2018,Lin-Manuel Miranda,4.8,2930,1.77
Go the F**k to Sleep,,4.27,English,"['Humor', 'Fiction', 'Picture Books', 'Childrens', 'Comedy', 'Audiobook', 'Parenting', 'Poetry', 'Adult', 'Short Stories']",Kindle Edition,17,Akashic Books,['Goodreads Choice Award Nominee for Humor (2011)'],84314,"['45520', '22520', '11530', '2977', '1767']",94.0,[],2012,Adam Mansbach,4.8,12852,12.58
Gone Girl,,4.08,English,"['Fiction', 'Mystery', 'Thriller', 'Crime', 'Mystery Thriller', 'Suspense', 'Contemporary', 'Adult', 'Adult Fiction', 'Audiobook']",Paperback,415,Broadway Books,"['Barry Award Nominee for Best Novel (2013)', 'Anthony Award Nominee for Best Novel (2013)', ""Romantic Times Reviewers' Choice Award (RT Award) for Suspense/Thriller Novel (2012)"", 'Shirley Jackson Award Nominee for Novel (Finalist) (2012)', 'Edgar Award Nominee for Best Novel (2013)', 'Puddly Award for Fiction (2013)', ""Women's Prize for Fiction Nominee for Longlist (2013)"", 'Grand Prix des lectrices de Elle for roman policier (2013)', 'Goodreads Choice Award for Mystery & Thriller and Nominee for Goodreads Author (2012) and Nominee for Best of the Best  (2018)']",2329146,"['946037', '842507', '371665', '107375', '61562']",93.0,"['North Carthage, Missouri (United States)', 'Missouri (United States)']",2014,Gillian Flynn,4.0,59499,15.2
Goodnight Moon,Over the Moon #2,4.28,English,"['Childrens', 'Picture Books', 'Classics', 'Fiction', 'Poetry', 'Kids', 'Animals', 'Juvenile', 'Young Adult', 'Storytime']",Hardcover,32,HarperCollins,[],305442,"['173548', '69785', '43078', '12325', '6706']",94.0,[],2014,Margaret Wise Brown,4.9,13055,0.25
Guess How Much I Love You,Little Nutbrown Hare,4.37,English,"['Picture Books', 'Childrens', 'Fiction', 'Animals', 'Family', 'Classics', 'Love', 'Kids', 'Storytime', 'Rabbits']",Board book,20,Candlewick,"['Zilveren Griffel (1995)', 'American Booksellers Book Of The Year  Award for Children (1996)']",126119,"['75058', '29625', '15798', '3828', '1810']",96.0,[],2015,Sam McBratney,4.8,4219,8.15
Guinness World Records 2012,Guinness World Records,4.18,English,"['Nonfiction', 'Reference', 'History', 'Trivia', 'School']",Hardcover,288,Guinness World Records,[],822,"['415', '219', '129', '43', '16']",93.0,[],2011,Guinness World Records,4.5,395,1.5
Guts,,3.86,English,"['Short Stories', 'Fiction', 'Horror', 'Contemporary', 'Humor', 'Thriller', 'American', 'Dark', 'Adult', 'Literature']",,16,,[],13624,"['4858', '4255', '2881', '1040', '590']",88.0,[],2019,Raina Telgemeier,4.8,7864,7.01
Hamilton: The Revolution,,4.46,English,"['Nonfiction', 'History', 'Plays', 'Audiobook', 'Music', 'Historical', 'Theatre', 'Biography', 'Adult', 'Drama']",Hardcover,285,Grand Central Publishing,"['Audie Award for Audiobook of the Year (2017)', 'Goodreads Choice Award for Nonfiction (2016)']",44845,"['28529', '10961', '3530', '915', '910']",96.0,[],2016,Lin-Manuel Miranda,4.9,8327,23.69
Harry Potter and the Sorcerer's Stone,Harry Potter #1,4.47,English,"['Fantasy', 'Fiction', 'Young Adult', 'Magic', 'Childrens', 'Middle Grade', 'Adventure', 'Classics', 'Audiobook', 'Science Fiction Fantasy']",Hardcover,309,Scholastic Inc,"[""Mythopoeic Fantasy Award for Children's Literature (2008)"", ""British Book Award for Children's Book of the Year (1998)"", 'Prijs van de Nederlandse Kinderjury for 6-9 jaar en 10-12 jaar (2002)', 'American Booksellers Book Of The Year  Award for Children (1999)', 'Audie Award (2000)', ""West Australian Young Readers' Book Award (WAYRBA) for Younger Readers (2000)"", 'South Carolina Book Award for Junior Book Award (2001)', 'Grand Canyon Reader Award for Teen Book (2000)', 'Charlotte Award (2000)', 'Nene Award (2000)', ""Massachusetts Children's Book Award (2000)"", 'Colorado Blue Spruce Young Adult Book Award (2001)', 'Blue Hen Book Award for Chapter Book (2001)', ""Nevada Young Readers' Award for Young Reader Category (2000)"", 'Golden Archer Award for Middle/Junior High (2000)', 'Indian Paintbrush Book Award (2000)', 'Hotze de Roosprijs (2002)', 'Nestlé Smarties Book Prize for 9–11 years (1997)', 'Eliot Rosewater Indiana High School Book Award (2001)', 'Kinderboekwinkelprijs (1999)', 'Parenting Book of the Year Award (1998)', 'North East Teenage Book Award (1999)', ""Specsavers National Book Award for Children's Book of the Year (1998)"", 'Washington State Sasquatch Award (2000)', 'Literaturpreis der Jury der jungen Leser for Kinderbuch (1999)', 'Carnegie Medal Nominee (1997)', ""Rebecca Caudill Young Readers' Book Award (2001)"", 'Premi Protagonista Jove for Categoria 12-13 anys (2000)']",7048471,"['4578137', '1611874', '600384', '139551', '118525']",96.0,"['London, England', 'Hogwarts School of Witchcraft and Wizardry (United Kingdom)', 'Hogwarts School of Witchcraft and Wizardry (United Kingdom)']",2016,J.K. Rowling,4.8,4231,1.0
Heaven is for Real: A Little Boy's Astounding Story of His Trip to Heaven and Back,Heaven is For Real,4.02,English,"['Nonfiction', 'Christian', 'Religion', 'Inspirational', 'Spirituality', 'Memoir', 'Biography', 'Faith', 'Christianity', 'Christian Non Fiction']",Paperback,162,Thomas Nelson,[],276970,"['121313', '77785', '49855', '16966', '11051']",90.0,[],2012,Todd Burpo,4.7,16129,7.54
Hillbilly Elegy: A Memoir of a Family and Culture in Crisis,,3.93,English,"['Nonfiction', 'Memoir', 'Biography', 'Audiobook', 'Politics', 'Biography Memoir', 'Sociology', 'History', 'Autobiography', 'Book Club']",Hardcover,257,Harper,"['Audie Award for Nonfiction (2017)', 'Ohioana Book Award for About Ohio or an Ohioan (2017)', 'Kirkus Prize Nominee for Nonfiction (2016)', 'Goodreads Choice Award Nominee for Memoir & Autobiography (2016)']",302052,"['92226', '122846', '65341', '16023', '5616']",93.0,"['Middletown, Ohio (United States)', 'New Haven, Connecticut (United States)', 'Jackson, Kentucky (United States)']",2017,J. D. Vance,4.4,19318,2.75
Hotel on the Corner of Bitter and Sweet,,4.02,English,"['Historical Fiction', 'Fiction', 'Historical', 'Romance', 'World War II', 'Book Club', 'Adult Fiction', 'War', 'Adult', 'Audiobook']",Hardcover,290,Ballantine Books,"['Montana Book Award (2009)', 'Goodreads Choice Award Nominee for Fiction (2009)', ""David J. Langum Sr. Prize Nominee for American Historical Fiction  (Director's Mention) (2009)"", 'Asian/Pacific American Award for Literature for Adult Fiction (2009)']",262877,"['87460', '109281', '52410', '10819', '2907']",95.0,"['Seattle, Washington (United States)', 'Puyallup, Washington (United States)', 'Minidoka, Idaho (United States)', 'Washington (state) (United States)']",2010,Jamie Ford,4.6,4464,13.14
Humans,Neanderthal Parallax #2,3.82,English,"['Science Fiction', 'Fiction', 'Science Fiction Fantasy', 'Fantasy', 'Canada', 'Alternate History', 'Audiobook', 'Alternate Universe', 'Romance', 'Speculative Fiction']",Paperback,352,Tor Books,['Hugo Award Nominee for Best Novel (2004)'],5412,"['1436', '2138', '1387', '343', '108']",92.0,"['Toronto, Ontario (Canada)']",2020,Brandon Stanton,4.9,7099,17.5
Humans of New York,,4.48,English,"['Nonfiction', 'Photography', 'Art', 'New York', 'Adult', 'Biography', 'Travel', 'Art and Photography', 'Inspirational', 'American']",Hardcover,304,St. Martin's Press,[],16332,"['10258', '4251', '1442', '248', '133']",98.0,['New York State (United States)'],2014,Brandon Stanton,4.8,4078,22.16
"Hyperbole and a Half: Unfortunate Situations, Flawed Coping Mechanisms, Mayhem, and Other Things That Happened",,4.15,English,"['Humor', 'Nonfiction', 'Graphic Novels', 'Memoir', 'Comics', 'Comedy', 'Biography', 'Mental Health', 'Adult', 'Short Stories']",Paperback,371,Gallery Books,['Goodreads Choice Award for Humor (2013)'],176611,"['85695', '52536', '24004', '8050', '6326']",92.0,[],2013,Allie Brosh,4.7,5891,5.63
If I Stay,If I Stay #1,3.94,English,"['Young Adult', 'Romance', 'Contemporary', 'Fiction', 'Realistic Fiction', 'Teen', 'Music', 'Death', 'Audiobook', 'Young Adult Contemporary']",Hardcover,201,Dutton Books for Young Readers,"['Georgia Peach Book Award Nominee for Honor book (2010)', 'South Carolina Book Award Nominee for Young Adult Book Award (2011)', 'Blue Hen Book Award for Teen Readers (2011)', ""Pennsylvania Young Readers' Choice Award Nominee (2011)"", 'Milwaukee County Teen Book Award Nominee (2010)', 'Florida Teens Read Nominee (2010)', 'The Inky Awards Nominee for Silver Inky (2009)', 'California Young Readers Medal Nominee for Young Adult (2012)', 'Lincoln Award Nominee (2012)', ""NAIBA Book of the Year for Children's Literature (2009)"", 'Goodreads Choice Award Nominee for Young Adult Fiction (2009)', 'Carnegie Medal Nominee (2010)', 'Missouri Gateway Readers Award Nominee (2012)']",712350,"['257068', '237108', '155491', '45192', '17491']",91.0,"['United States of America', 'Oregon (United States)']",2014,Gayle Forman,4.3,8339,0.25
In Defense of Food: An Eater's Manifesto,,4.08,English,"['Nonfiction', 'Food', 'Health', 'Science', 'Nutrition', 'Audiobook', 'Cooking', 'Environment', 'Foodie', 'Sustainability']",Hardcover,205,Penguin Press,[],102455,"['36595', '42545', '19031', '3282', '1002']",96.0,[],2010,Michael Pollan,4.6,1884,13.69
"In the Garden of Beasts: Love, Terror, and an American Family in Hitler's Berlin",,3.85,English,"['History', 'Nonfiction', 'World War II', 'Historical', 'Biography', 'Germany', 'War', 'Audiobook', 'Holocaust', 'Politics']",Hardcover,448,Crown,"['Washington State Book Award for History/General Nonfiction (2012)', 'Chautauqua Prize Nominee (2012)', 'Goodreads Choice Award Nominee for History & Biography (2011)']",160937,"['42308', '66285', '40355', '9310', '2679']",93.0,['Berlin (Germany)'],2011,Eric Larson,4.5,5157,29.89
Inferno,Star Trek: Deep Space Nine: Millenium #3,3.89,English,"['Star Trek', 'Science Fiction', 'Star Trek Deep Space Nine', 'Fiction', 'Media Tie In', 'Time Travel', 'Science Fiction Fantasy', 'Fantasy', 'Space']",Mass Market Paperback,410,Pocket Books,[],404,"['131', '138', '99', '30', '6']",91.0,[],2013,Dan Brown,4.1,30849,14.75
Just Mercy: A Story of Justice and Redemption,,4.6,English,"['Nonfiction', 'Memoir', 'Social Justice', 'Race', 'Politics', 'History', 'Audiobook', 'Law', 'Biography', 'Anti Racist']",Hardcover,336,Spiegel & Grau,"['Warwick Prize for Writing Nominee for Longlist (2015)', 'Dayton Literary Peace Prize for Non-Fiction (2015)', 'NAIBA Book of the Year for Nonfiction (2015)', 'Andrew Carnegie Medal for Nonfiction (2015)', 'Kirkus Prize Nominee for Nonfiction (Finalist) (2014)', 'Alabama Author Award for Nonfiction (2016)']",143058,"['101156', '31163', '7081', '2050', '1608']",97.0,['Alabama (United States)'],2020,Bryan Stevenson,4.8,15340,3.04
Killers of the Flower Moon: The Osage Murders and the Birth of the FBI,,4.07,English,"['Nonfiction', 'History', 'True Crime', 'Crime', 'Mystery', 'Audiobook', 'Historical', 'American History', 'Book Club', 'Adult']",ebook,359,Doubleday,"['Anthony Award for Best Critical/NonFiction Work (2018)', 'Edgar Award for Best Fact Crime (2018)', 'Andrew Carnegie Medal Nominee for Nonfiction (2018)', 'National Book Award Finalist for Nonfiction (2017)', 'Spur Award for Best Western Historical Nonfiction (2018)', 'Goodreads Choice Award Nominee for History & Biography (2017)', 'Brooklyn Public Library Literary Prize Nominee for Nonfiction (2017)']",127328,"['45279', '54209', '21634', '4328', '1878']",95.0,[],2017,David Grann,4.6,10461,15.81
Killing Kennedy: The End of Camelot,Bill O'Reilly's Killing Series,4.07,English,"['History', 'Nonfiction', 'Biography', 'Historical', 'Politics', 'American History', 'Audiobook', 'Presidents', 'True Crime', 'Biography Memoir']",Hardcover,325,Henry Holt and Co.,['Goodreads Choice Award Nominee for History & Biography (2012)'],49770,"['18482', '20237', '8260', '1717', '1074']",94.0,[],2012,Bill O'Reilly,4.6,8933,19.82
"Lean In: Women, Work, and the Will to Lead",,3.95,English,"['Nonfiction', 'Business', 'Feminism', 'Self Help', 'Leadership', 'Womens', 'Audiobook', 'Memoir', 'Biography', 'Personal Development']",Hardcover,217,Knopf,"['Financial Times and McKinsey Business Book of the Year Nominee for Shortlist (2013)', ""CMI Management Book of the Year Awards Nominee for The Commuter's Read (2014)"", 'Goodreads Choice Award Nominee for Nonfiction (2013)']",222376,"['76503', '82838', '44746', '11714', '6575']",92.0,[],2014,Sheryl Sandberg,4.5,6611,0.99
Leonardo da Vinci,,4.14,English,"['Biography', 'Nonfiction', 'History', 'Art', 'Science', 'Biography Memoir', 'Audiobook', 'Italy', 'Historical', 'Art History']",Hardcover,600,Simon & Schuster,"['Andrew Carnegie Medal Nominee for Nonfiction (2018)', 'Goodreads Choice Award Nominee for History & Biography (2017)']",61546,"['28621', '19782', '8552', '2596', '1995']",93.0,[],2017,Walter Isaacson,4.5,3730,3.22
Life,,3.87,English,"['Music', 'Biography', 'Nonfiction', 'Memoir', 'Autobiography', 'Biography Memoir', 'Audiobook', 'History', 'Rock N Roll', 'Pop Culture']",Hardcover,564,Weidenfeld & Nicolson,['Audie Award for Audiobook of the Year (2011)'],82104,"['26771', '29310', '17505', '5484', '3034']",90.0,[],2010,Keith Richards,4.5,3153,20.49
Little Fires Everywhere,,4.1,English,"['Fiction', 'Contemporary', 'Audiobook', 'Adult', 'Adult Fiction', 'Literary Fiction', 'Book Club', 'Novels', 'Family', 'Realistic Fiction']",Paperback,368,Penguin Books,"['Goodreads Choice Award for Fiction (2017) and Nominee for Best of the Best  (2018)', 'NAACP Image Award Nominee for Fiction (2018)', 'Book of the Month Book of the Year Award Nominee (2017)']",712854,"['250439', '315159', '119443', '21545', '6268']",96.0,"['Cleveland, Ohio (United States)', 'Shaker Heights, Ohio (United States)', 'Ohio (United States)', 'Pittsburgh, Pennsylvania (United States)']",2018,Celeste Ng,4.5,38284,12.74
Looking for Alaska,,4.02,English,"['Young Adult', 'Fiction', 'Contemporary', 'Romance', 'Realistic Fiction', 'Coming Of Age', 'Teen', 'Mystery', 'Young Adult Contemporary', 'High School']",Paperback,221,Speak,"['Los Angeles Times Book Prize Nominee for Young Adult Fiction (2005)', 'Michael L. Printz Award (2006)', 'Rhode Island Teen Book Award Nominee (2007)', 'Michigan Library Association Thumbs Up! Award Nominee (2006)', 'Deutscher Jugendliteraturpreis Nominee for Jugendbuch (2008)', 'The Inky Awards for Silver Inky (2007)', 'Lincoln Award Nominee (2009)', 'Bronzener Lufti (2007)', 'Green Mountain Book Award (2008)', 'The Inky Awards Shortlist for Silver Inky (2007)', 'Alabama Author Award for Young Adult (2006)', 'Premio El Templo de las Mil Puertas Nominee for Mejor novela extranjera independiente (2014)']",1113222,"['455206', '350955', '210930', '68230', '27901']",91.0,['Alabama (United States)'],2014,John Green,4.6,10010,0.35
Lord of the Flies,,3.69,English,"['Classics', 'Fiction', 'Young Adult', 'School', 'Literature', 'Dystopia', 'Read For School', 'Novels', 'High School', 'Adventure']",Paperback,182,Penguin Books,[],2263259,"['617568', '763438', '555614', '205804', '120835']",86.0,[],2015,William Golding,4.6,15856,0.94
"Love Wins: A Book About Heaven, Hell, and the Fate of Every Person Who Ever Lived",,3.6,English,"['Nonfiction', 'Theology', 'Religion', 'Christian', 'Christianity', 'Spirituality', 'Faith', 'Philosophy', 'Christian Living', 'Audiobook']",Kindle Edition,243,HarperOne,[],24235,"['7182', '7433', '4944', '2090', '2586']",81.0,[],2011,Rob Bell,4.3,1780,19.96
Love You Forever,,4.36,English,"['Picture Books', 'Childrens', 'Fiction', 'Classics', 'Family', 'Love', 'Kids', 'Realistic Fiction', 'Canada', 'Juvenile']",Paperback,32,Firefly Books,[],202401,"['130795', '35789', '20450', '7789', '7578']",92.0,[],2020,Robert Munsch,4.9,26363,0.25
Make Your Bed: Little Things That Can Change Your Life...And Maybe the World,,3.99,English,"['Nonfiction', 'Self Help', 'Personal Development', 'Audiobook', 'Leadership', 'Business', 'Military Fiction', 'Memoir', 'Psychology', 'Biography']",Audiobook,2,Grand Central Publishing,[],62247,"['25326', '18924', '12021', '3813', '2163']",90.0,[],2017,Admiral William H. McRaven,4.7,14473,4.81
Man's Search for Meaning,,4.36,English,"['Nonfiction', 'Psychology', 'Philosophy', 'History', 'Memoir', 'Self Help', 'Biography', 'Classics', 'Holocaust', 'Spirituality']",Paperback,165,Beacon Press,[],400761,"['221757', '119918', '44536', '9508', '5042']",96.0,"['Auschwitz (Poland)', 'Dachau (Germany)']",2020,Viktor E. Frankl,4.7,23253,8.39
Midnight Sun,The Twilight Saga #5,3.82,English,"['Fantasy', 'Young Adult', 'Romance', 'Paranormal', 'Vampires', 'Fiction', 'Paranormal Romance', 'Audiobook', 'Supernatural', 'Urban Fantasy']",Hardcover,662,"Little, Brown Books for Young Readers",[],63518,"['21441', '19389', '14908', '5668', '2112']",88.0,[],2020,Stephenie Meyer,4.8,53493,13.32
Milk and Honey,,4.07,English,"['Poetry', 'Feminism', 'Nonfiction', 'Contemporary', 'Adult', 'Romance', 'Audiobook', 'Mental Health', 'Canada', 'Womens']",Paperback,204,Createspace,[],345201,"['165425', '90427', '52615', '23027', '13707']",89.0,[],2016,Rupi Kaur,4.7,24058,8.69
Mindset: The New Psychology of Success,,4.06,English,"['Psychology', 'Nonfiction', 'Self Help', 'Business', 'Education', 'Personal Development', 'Parenting', 'Leadership', 'Teaching', 'Productivity']",Hardcover,276,Random House,[],88388,"['35986', '30322', '15675', '4450', '1955']",93.0,[],2013,Carol S. Dweck,4.6,7544,10.14
Miss Peregrine's Home for Peculiar Children,Miss Peregrine's Peculiar Children #1,3.91,English,"['Fantasy', 'Young Adult', 'Fiction', 'Paranormal', 'Mystery', 'Horror', 'Time Travel', 'Historical Fiction', 'Supernatural', 'Adventure']",Hardcover,352,Quirk,"[""Grand Prix de l'Imaginaire for Roman jeunesse étranger (2015)"", ""Pennsylvania Young Readers' Choice Award for Young Adults (2014)"", 'California Young Readers Medal Nominee for Young Adult (2016)', 'The Kitschies Nominee for Golden Tentacle (Debut) (2011)', 'Goodreads Choice Award Nominee for Favorite Book and for Young Adult Fantasy & Science Fiction (2011)']",977080,"['331709', '335251', '223102', '64434', '22584']",91.0,"['Englewood, Florida (United States)', 'Wales']",2011,Ransom Riggs,4.4,10925,14.16
Norse Mythology,,4.08,English,"['Fantasy', 'Mythology', 'Fiction', 'Audiobook', 'Short Stories', 'Classics', 'Adult', 'Historical Fiction', 'Retellings', 'Religion']",Paperback,301,W. W. Norton & Company,['Goodreads Choice Award Nominee for Fantasy (2017)'],214833,"['77206', '90549', '37767', '6564', '2747']",96.0,[],2017,Neil Gaiman,4.6,8355,20.23
Of Mice and Men,,3.88,English,"['Classics', 'Fiction', 'School', 'Historical Fiction', 'Literature', 'Read For School', 'Novels', 'High School', 'American', 'Classic Literature']",Paperback,103,Penguin Books,"[""New York Drama Critics' Circle Award for Best American Play (1938)""]",1942168,"['634457', '681382', '437709', '132901', '55719']",90.0,"['Salinas Valley, California (United States)', 'California (United States)']",2014,John Steinbeck,4.7,13001,0.35
"Oh, the Places You'll Go!",,4.35,English,"['Childrens', 'Picture Books', 'Fiction', 'Classics', 'Poetry', 'Fantasy', 'Young Adult', 'Inspirational', 'Kids', 'Humor']",Hardcover,44,Random House Books for Young Readers,[],328451,"['194372', '77411', '40683', '10548', '5437']",95.0,[],2015,Dr. Seuss,4.9,16856,8.98
One Thousand Gifts: A Dare to Live Fully Right Where You Are,,4.02,English,"['Christian', 'Nonfiction', 'Faith', 'Christian Living', 'Spirituality', 'Christianity', 'Inspirational', 'Self Help', 'Religion', 'Christian Non Fiction']",Hardcover,232,Zondervan,[],47547,"['21798', '12430', '7821', '3277', '2221']",88.0,[],2012,Ann Voskamp,4.6,3578,13.21
Orphan Train,,4.17,English,"['Historical Fiction', 'Fiction', 'Historical', 'Book Club', 'Adult Fiction', 'Adult', 'Young Adult', 'Audiobook', 'Adoption', 'Contemporary']",Paperback,278,William Morrow Paperbacks,"['Lincoln Award Nominee (2016)', 'Maine Literary Award Nominee for Fiction (Finalist) (2014)', 'Goodreads Choice Award Nominee for Fiction (2013)', 'RT Reviewers Choice Award for Mainstream Fiction (2013)']",372839,"['145679', '159626', '56072', '8882', '2580']",97.0,['Maine (United States)'],2014,Christina Baker Kline,4.6,22582,11.78
Outliers: The Story of Success,,4.16,English,"['Nonfiction', 'Psychology', 'Business', 'Self Help', 'Sociology', 'Science', 'Audiobook', 'Personal Development', 'Economics', 'Leadership']",Hardcover,309,"Little, Brown and Company",[],556065,"['232206', '214572', '84952', '17317', '7018']",96.0,[],2012,Malcolm Gladwell,4.7,13528,7.79
Paper Towns,,3.8,English,"['Young Adult', 'Contemporary', 'Fiction', 'Romance', 'Mystery', 'Realistic Fiction', 'Teen', 'Coming Of Age', 'Adventure', 'Young Adult Contemporary']",Paperback,305,Speak,"[""Anthony Award Nominee for Best Children's/Young Adult Novel (2009)"", 'Edgar Award for Best Young Adult (2009)', 'Rhode Island Teen Book Award Nominee (2010)', 'Deutscher Jugendliteraturpreis Nominee for Preis der Jugendjury (2011)', 'The Inky Awards Nominee for Silver Inky (2009)', 'Lincoln Award Nominee (2011)', 'Bronzener Lufti (2010)', 'Literaturpreis der Jury der jungen Leser for Jugendbuch (2010)', 'The Inky Awards Shortlist for Silver Inky (2009)', 'Missouri Gateway Readers Award Nominee (2011)', 'Corine Internationaler Buchpreis for Kinder- und Jugendbuch (2010)']",919337,"['280793', '302511', '232162', '77816', '26055']",89.0,"['Orlando, Florida (United States)', 'Agloe, New York (United States)']",2015,John Green,4.3,8374,0.35
Principles: Life and Work,,4.12,English,"['Business', 'Nonfiction', 'Self Help', 'Leadership', 'Finance', 'Personal Development', 'Philosophy', 'Biography', 'Management', 'Economics']",Audio CD,592,Simon Schuster Audio,[],32123,"['14288', '10448', '5045', '1575', '767']",93.0,[],2017,Ray Dalio,4.6,6555,11.5
Proof of Heaven: A Neurosurgeon's Journey into the Afterlife,,3.7,English,"['Nonfiction', 'Spirituality', 'Religion', 'Memoir', 'Biography', 'Science', 'Christian', 'Inspirational', 'Medical', 'Faith']",Paperback,196,Simon Schuster,[],52050,"['14777', '16365', '13662', '4876', '2370']",86.0,[],2013,Eben Alexander,4.3,14167,0.35
Quiet: The Power of Introverts in a World That Can't Stop Talking,Quiet,4.06,English,"['Nonfiction', 'Psychology', 'Self Help', 'Science', 'Business', 'Audiobook', 'Personal Development', 'Sociology', 'Leadership', 'Adult']",Hardcover,333,"Crown Publishing Group/Random House, Inc.","['Guardian First Book Award Nominee for Longlist (2012)', 'Andrew Carnegie Medal Nominee for Nonfiction (Shortlist) (2015)', 'Goodreads Choice Award for Nonfiction (2012)']",323829,"['126571', '119856', '55832', '14027', '7543']",93.0,[],2013,Susan Cain,4.6,12036,1.29
Rage,Courtney #6,4.09,English,"['Fiction', 'Historical Fiction', 'Adventure', 'Africa', 'Historical', 'Thriller', 'Action', 'South Africa', 'Novels', 'Adult']",Paperback,896,St. Martin's Paperbacks,[],4811,"['1789', '1876', '976', '136', '34']",96.0,[],2020,Bob Woodward,4.7,23281,12.0
Rework,,3.95,English,"['Business', 'Nonfiction', 'Entrepreneurship', 'Management', 'Productivity', 'Self Help', 'Leadership', 'Buisness', 'Personal Development', 'Technology']",Hardcover,279,Crown Business,['Goodreads Choice Award Nominee for Nonfiction (2010)'],138357,"['54533', '42801', '26650', '8766', '5607']",90.0,[],2010,Jason Fried,4.5,2667,21.78
Room,,4.06,English,"['Fiction', 'Contemporary', 'Adult', 'Adult Fiction', 'Book Club', 'Audiobook', 'Thriller', 'Drama', 'Realistic Fiction', 'Crime']",Kindle Edition,321,"Little, Brown and Company","['Booker Prize Nominee (2010)', 'Orange Prize Nominee for Fiction Shortlist (2011)', ""Pennsylvania Young Readers' Choice Award Nominee for Young Adults (2013)"", 'ALA Alex Award (2011)', 'Indies Choice Book Award for Fiction (2011)', 'Bord Gáis Energy Irish Book Award for Hughes & Hughes Irish Novel of the Year (2010)', 'Canadian Booksellers Association Libris Award for Fiction Book (2011)', 'Lincoln Award Nominee (2014)', 'Galaxy National Book Award for WHSmith Paperback of the Year (2011)', ""Commonwealth Writers' Prize for Best Book in Caribbean and Canada (2011)"", 'Trillium Book Award Nominee for English-language (2011)', 'UC Book of the Year (2014)', 'Eason Novel of the Year (2010)', ""Rogers Writers' Trust Fiction Prize (2010)"", 'OLA Evergreen Award (2011)', 'Goodreads Choice Award for Fiction (2010)', 'International Dublin Literary Award Nominee (2012)']",714395,"['270390', '275433', '121971', '32204', '14397']",93.0,[],2011,Emma Donoghue,4.4,7920,11.88
Safe Haven,,4.21,English,"['Romance', 'Fiction', 'Chick Lit', 'Contemporary', 'Adult', 'Adult Fiction', 'Contemporary Romance', 'Drama', 'Love', 'Audiobook']",Kindle Edition,353,Grand Central Publishing,['Goodreads Choice Award Nominee for Romance (2010)'],334532,"['157048', '109549', '53353', '10945', '3637']",96.0,"['Southport, North Carolina (United States)']",2010,Nicholas Sparks,4.7,8952,17.89
Sapiens: A Brief History of Humankind,,4.42,English,"['Nonfiction', 'History', 'Science', 'Philosophy', 'Anthropology', 'Audiobook', 'Sociology', 'Historical', 'Psychology', 'Evolution']",Paperback,498,Harvill Secker,"['Royal Society of Biology General Book Prize Nominee (2015)', 'J. A. Hollon palkinto (2017)']",502425,"['295807', '143811', '45188', '11210', '6409']",96.0,[],2019,Yuval Noah Harari,4.6,32903,9.42
Sarah's Key,,4.16,English,"['Historical Fiction', 'Fiction', 'Holocaust', 'Historical', 'World War II', 'France', 'War', 'Book Club', 'Adult', 'Adult Fiction']",Hardcover,294,St. Martins Press,[],419544,"['176239', '159657', '64355', '14599', '4694']",95.0,"['Paris (France)', 'Paris (France)']",2010,Tatiana de Rosnay,4.6,3951,10.48
Sh*t My Dad Says,Sh*t My Dad Says #1,3.98,English,"['Humor', 'Nonfiction', 'Memoir', 'Comedy', 'Biography', 'Audiobook', 'Adult', 'Family', 'Biography Memoir', 'Autobiography']",Hardcover,159,It Books,"['Goodreads Choice Award Nominee for Debut Author, Humor  (2010)']",142571,"['52444', '49395', '29940', '7672', '3120']",92.0,[],2010,Justin Halpern,4.7,1397,0.99
Ship of Fools: How a Selfish Ruling Class Is Bringing America to the Brink of Revolution,,4.3,English,"['Politics', 'Nonfiction', 'History', 'Audiobook', 'Political Science', 'American History', 'American', 'Social Science', 'Economics', 'Adult']",Audio CD,7,Simon & Schuster Audio,[],4439,"['2355', '1368', '499', '123', '94']",95.0,[],2018,Tucker Carlson,4.8,4940,16.9
Spoken from the Heart,,3.99,,"['Nonfiction', 'Memoir', 'Politics', 'Biography', 'Presidents', 'History', 'Biography Memoir', 'Autobiography', 'Contemporary', 'Adult']",Hardcover,464,Simon & Schuster Adult Publishing Group,['Goodreads Choice Award Nominee for Memoir and Autobiography (2010)'],7317,"['2459', '2832', '1600', '323', '103']",94.0,[],2010,Laura Bush,4.6,563,14.0
Start with Why: How Great Leaders Inspire Everyone to Take Action,,4.08,English,"['Business', 'Leadership', 'Nonfiction', 'Self Help', 'Personal Development', 'Management', 'Psychology', 'Audiobook', 'Entrepreneurship', 'Buisness']",Hardcover,256,Portfolio,[],121834,"['53330', '38633', '20037', '6360', '3474']",92.0,[],2017,Simon Sinek,4.6,11995,3.6
State of Wonder,,3.88,English,"['Fiction', 'Contemporary', 'Book Club', 'Literary Fiction', 'Adult Fiction', 'Adult', 'Mystery', 'Novels', 'Audiobook', 'Adventure']",Hardcover,353,HarperCollins Publishers,"['Orange Prize Nominee for Fiction Shortlist (2012)', 'Audie Award for Literary Fiction (2012)', 'Wellcome Book Prize Nominee for Shortlist (2011)', 'Goodreads Choice Award Nominee for Fiction and for Favorite Book (2011)']",164487,"['45221', '68455', '38699', '9518', '2594']",93.0,"['Amazon Rainforest', 'Minneapolis-St. Paul, Minnesota (United States)']",2011,Ann Patchett,4.1,2574,25.98
Switch: How to Change Things When Change Is Hard,,4.04,English,"['Nonfiction', 'Business', 'Psychology', 'Self Help', 'Leadership', 'Personal Development', 'Management', 'Productivity', 'Education', 'Audiobook']",Hardcover,305,Currency,[],42766,"['16036', '16190', '7671', '1878', '991']",93.0,[],2010,Chip Heath,4.6,2383,14.49
The 5 Love Languages: The Secret to Love that Lasts,5 Love Languages,4.25,English,"['Nonfiction', 'Self Help', 'Relationships', 'Psychology', 'Marriage', 'Christian', 'Personal Development', 'Audiobook', 'Love', 'Christianity']",Kindle Edition,209,Northfield Publishing,['Audie Award for Personal Development/Motivational (2006)'],297637,"['148253', '93589', '41488', '9671', '4636']",95.0,[],2015,Gary Chapman,4.8,37833,1.5
The 7 Habits of Highly Effective People: Powerful Lessons in Personal Change,,4.12,English,"['Self Help', 'Nonfiction', 'Business', 'Personal Development', 'Psychology', 'Leadership', 'Productivity', 'Management', 'Audiobook', 'Philosophy']",Paperback,372,Free Press,[],524128,"['236705', '164544', '85282', '24020', '13577']",93.0,[],2011,Stephen R. Covey,4.6,10715,33.77
The Alchemist,,3.57,English,"['Plays', 'Drama', 'Classics', 'Fiction', '17th Century', 'School', 'Theatre', 'Literature', 'Comedy', 'British Literature']",Paperback,256,Book Jungle,[],2966,"['656', '938', '928', '331', '113']",85.0,[],2013,Paulo Coelho,4.7,41984,37.9
The Best of Me,,3.94,English,"['Romance', 'Fiction', 'Chick Lit', 'Contemporary', 'Adult', 'Audiobook', 'Adult Fiction', 'Contemporary Romance', 'Drama', 'Love']",Hardcover,292,Grand Central Publishing,[],144478,"['52184', '47027', '32392', '9975', '2900']",91.0,"['Oriental, North Carolina (United States)', 'Oriental, North Carolina (United States)']",2011,Nicholas Sparks,4.6,6112,20.46
The Big Short: Inside the Doomsday Machine,Liar's Poker #2,4.29,,"['Nonfiction', 'Business', 'Economics', 'Finance', 'History', 'Politics', 'Audiobook', 'Money', 'Journalism', 'Contemporary']",Paperback,320,W. W. Norton Company,"['Los Angeles Times Book Prize for Current Interest (2010)', 'Financial Times and McKinsey Business Book of the Year Nominee for Shortlist (2010)', 'Robert F. Kennedy Book Award (2011)', 'Goodreads Choice Award Nominee for Nonfiction (2010)']",132918,"['63648', '49951', '15062', '2844', '1413']",97.0,[],2010,Michael Lewis,4.7,3943,18.75
"The Body Keeps the Score: Brain, Mind, and Body in the Healing of Trauma",,4.47,English,"['Psychology', 'Nonfiction', 'Self Help', 'Mental Health', 'Health', 'Science', 'Social Work', 'Counselling', 'Audiobook', 'Medicine']",Hardcover,443,Viking,[],38770,"['24561', '9957', '2802', '829', '621']",96.0,[],2019,Bessel van der Kolk M.D.,4.8,19872,12.71
The Book Thief,,4.37,English,"['Historical Fiction', 'Fiction', 'Young Adult', 'Historical', 'Classics', 'War', 'Holocaust', 'World War II', 'Books About Books', 'Audiobook']",Hardcover,552,Alfred A. Knopf,"['National Jewish Book Award for Children’s and Young Adult Literature (2006)', ""Book Sense Book of the Year Award for Children's Literature (2007)"", 'Buxtehuder Bulle (2008)', 'Sydney Taylor Book Award for Teen Readers (2007)', 'Prijs van de Kinder- en Jeugdjury Vlaanderen (2009)', 'Michael L. Printz Award Nominee (2007)', 'Exclusive Books Boeke Prize (2007)', 'Rhode Island Teen Book Award Nominee (2008)', 'The Quill Award Nominee for Young Adult/Teen (2006)', 'Zilveren Zoen (2008)', 'Teen Read Award Nominee for Best All-Time-Fave (2010)', 'Deutscher Jugendliteraturpreis for Preis der Jugendjury (2009)', 'Association of Jewish Libraries for Teen Book Award (2006)', 'Lincoln Award Nominee (2010)', 'Australian Book Industry Award (ABIA) Nominee for Literary Fiction (2008)', 'Kathleen Mitchell Award', 'Ena Noel Award (2008)', 'Literaturpreis der Jury der jungen Leser for Jugendbuch (2009)', 'LovelyBooks Leserpreis for Allgemeine Literatur (2009)', 'Margaret A. Edwards Award (2014)']",1834276,"['1048230', '524674', '186297', '48864', '26211']",96.0,"['Molching (Germany)', 'Germany']",2010,Markus Zusak,4.6,25974,0.35
The Book with No Pictures,,4.35,English,"['Picture Books', 'Childrens', 'Humor', 'Storytime', 'Fiction', 'Juvenile', 'Kids', 'Audiobook', 'Comedy', '2nd Grade']",Hardcover,48,Dial Books,"['California Young Readers Medal for Primary (2018)', 'Vlag en Wimpel Griffeljury (2016)', 'Goodreads Choice Award Nominee for Picture Books (2014)', 'The Magnolia Award for K-2 (2017)', 'CLEL Bell Picture Book Awards Nominee for Read (2015)']",22201,"['12972', '5766', '2264', '701', '498']",95.0,[],2015,B. J. Novak,4.8,10378,1.05
"The Boy, the Mole, the Fox and the Horse",,4.6,English,"['Fiction', 'Graphic Novels', 'Childrens', 'Art', 'Picture Books', 'Poetry', 'Philosophy', 'Animals', 'Self Help', 'Inspirational']",Hardcover,128,Ebury Press,[],33404,"['24526', '5883', '2014', '634', '347']",97.0,[],2020,Charlie Mackesy,4.8,37452,13.49
The Boys in the Boat: Nine Americans and Their Epic Quest for Gold at the 1936 Berlin Olympics,The Boys in The Boat,4.35,English,"['Nonfiction', 'History', 'Sports', 'Biography', 'Historical', 'Audiobook', 'Book Club', 'World War II', 'American History', 'Memoir']",Hardcover,404,Viking,"['James Tait Black Memorial Prize Nominee for Biography (2013)', ""Pennsylvania Young Readers' Choice Award Nominee for Young Adults (2017)"", 'Keystone to Reading Book Award Nominee for Middle School (2017)', 'William Saroyan International Prize for Writing Nominee for Nonfiction (2014)', 'Washington State Book Award for History/General Nonfiction (2014)', 'Andrew Carnegie Medal Nominee for Nonfiction (2014)', 'Goodreads Choice Award Nominee for History & Biography (2013)', 'Green Mountain Book Award Nominee (2016)']",222502,"['123705', '66345', '22645', '6013', '3794']",96.0,['Berlin (Germany)'],2014,Daniel James Brown,4.8,6742,10.94
"The Bully Pulpit: Theodore Roosevelt, William Howard Taft, and the Golden Age of Journalism",,4.14,English,"['History', 'Nonfiction', 'Biography', 'Politics', 'American History', 'Presidents', 'Audiobook', 'Biography Memoir', 'Journalism', 'Historical']",Hardcover,910,Simon & Schuster,"['Audie Award for History/Biography (2015)', 'Andrew Carnegie Medal for Nonfiction (2014)']",18145,"['7682', '6943', '2441', '626', '453']",94.0,[],2013,Doris Kearns Goodwin,4.6,2291,34.7
The Casual Vacancy,,3.3,English,"['Fiction', 'Contemporary', 'Mystery', 'Adult', 'Adult Fiction', 'Drama', 'Unfinished', 'British Literature', 'Novels', 'Audiobook']",Hardcover,503,"Little, Brown and Company",['Goodreads Choice Award for Fiction (2012)'],302889,"['50685', '90207', '89332', '44776', '27889']",76.0,['Pagford (United Kingdom)'],2012,J.K. Rowling,3.3,9729,16.95
The Catcher in the Rye,,3.81,English,"['Classics', 'Fiction', 'Young Adult', 'Literature', 'School', 'Novels', 'Coming Of Age', 'American', 'High School', 'Read For School']",Paperback,277,Back Bay Books,"['Teen Read Award Nominee for Best All-Time-Fave (2010)', 'National Book Award Finalist for Fiction (1952)']",2736523,"['937208', '846027', '579292', '234980', '139016']",86.0,"['New York City, New York (United States)', 'Agerstown, Pennsylvania (United States)']",2014,J.D. Salinger,4.5,14641,0.85
The Checklist Manifesto: How to Get Things Right,,4.05,,"['Nonfiction', 'Business', 'Medicine', 'Self Help', 'Productivity', 'Medical', 'Science', 'Psychology', 'Personal Development', 'Management']",Kindle Edition,225,,[],48512,"['17241', '19430', '9396', '1917', '528']",95.0,[],2010,Atul Gawande,4.6,3812,23.8
The Complete Ketogenic Diet for Beginners: Your Essential Guide to Living the Keto Lifestyle,,3.62,,"['Cookbooks', 'Nonfiction', 'Health', 'Cooking', 'Reference', 'Food', 'Self Help', 'Diets', 'Nutrition', 'Fitness']",Paperback,158,Rockridge Press,[],6159,"['1822', '1832', '1343', '651', '511']",81.0,[],2019,Amy Ramos,4.3,18251,6.99
The Day the Crayons Came Home,Crayons,4.39,English,"['Picture Books', 'Childrens', 'Humor', 'Fiction', 'Art', 'Fantasy', 'Storytime', 'Adventure', 'Kids', 'School']",Hardcover,48,Philomel Books,['Goodreads Choice Award for Picture Books (2015)'],13486,"['7738', '3935', '1340', '299', '174']",96.0,[],2015,Drew Daywalt,4.8,3189,12.02
The Day the Crayons Quit,Crayons,4.42,English,"['Picture Books', 'Childrens', 'Humor', 'Fiction', 'Art', 'Fantasy', 'Storytime', 'School', 'Kids', 'Juvenile']",Hardcover,30,Philomel Books,"[""Vermont's Picture Book Awards: Red Clover (2015)"", 'Texas Bluebonnet Award (2015)', 'Zilveren Griffel (2015)', 'South Carolina Book Award for Picture Book (2016)', ""Flicker Tale Children's Book Award for Picture Books (2015)"", 'Keystone to Reading Book Award for Primary (2015)', 'California Young Readers Medal for Primary (2016)', 'Wanda Gág Read Aloud Book Award (2014)', 'Monarch Award (2015)', 'Goodreads Choice Award for Picture Books (2013)', 'The Magnolia Award for K-2 (2015)', ""CBI Book of the Year for Children's Choice (2014)"", 'Hea Lasteraamat (2015)']",44747,"['27558', '11250', '3997', '1146', '796']",96.0,[],2015,Drew Daywalt,4.8,11431,9.19
The Fault in Our Stars,,4.21,English,"['Young Adult', 'Romance', 'Fiction', 'Contemporary', 'Realistic Fiction', 'Teen', 'Coming Of Age', 'Drama', 'Novels', 'Love']",Hardcover,313,Dutton Books,"['Georgia Peach Book Award (2013)', 'Buxtehuder Bulle (2012)', 'Odyssey Award (2013)', 'Audie Award for Teens (2013)', ""West Australian Young Readers' Book Award (WAYRBA) for Older Readers (2013)"", ""Pennsylvania Young Readers' Choice Award for Young Adults (2013)"", 'Rhode Island Teen Book Award (2014)', 'Evergreen Teen Book Award (2015)', 'Soaring Eagle Book Award (2014)', 'Milwaukee County Teen Book Award (2013)', 'Indies Choice Book Award for Young Adult (2013)', 'Deutscher Jugendliteraturpreis for Preis der Jugendjury (2013)', 'Amelia Elizabeth Walden Award (2013)', 'Dioraphte Jongerenliteratuurprijs for vertaald boek en publieksprijs (2013)', 'The Inky Awards for Silver Inky (2012)', 'California Young Readers Medal for Young Adult (2015)', 'Lincoln Award (2014)', 'Luisterboek Award (2015)', 'Goodreads Choice Award for Young Adult Fiction (2012) and Nominee for Best of the Best  (2018)', 'Green Mountain Book Award (2014)', 'The Inky Awards Shortlist for Silver Inky (2012)', ""Louisiana Teen Readers' Choice (2015)"", 'Missouri Gateway Readers Award (2015)', 'Oklahoma Sequoyah Award for High School (2015)', 'Alabama Author Award for Young Adult (2013)', 'Premio El Templo de las Mil Puertas for Mejor novela extranjera independiente (2012)', 'FAB Award Nominee (2014)', 'Premi Protagonista Jove for Categoria 15-16 anys (2013)']",3550714,"['1784471', '1022406', '512574', '150365', '80898']",93.0,"['Indianapolis, Indiana (United States)', 'Amsterdam (Netherlands)']",2012,John Green,4.7,52620,12.99
The Five Dysfunctions of a Team: A Leadership Fable,,4.06,English,"['Business', 'Leadership', 'Nonfiction', 'Management', 'Self Help', 'Buisness', 'Personal Development', 'Psychology', 'Entrepreneurship', 'Audiobook']",Hardcover,227,Jossey-Bass,[],79305,"['31349', '28676', '13991', '3349', '1940']",93.0,[],2014,Patrick Lencioni,4.6,3792,19.54
The Girl on the Train,,3.93,English,"['Fiction', 'Mystery', 'Thriller', 'Crime', 'Mystery Thriller', 'Suspense', 'Contemporary', 'Adult', 'Audiobook', 'Adult Fiction']",Hardcover,325,Riverhead Books,"['ITW Thriller Award Nominee for Best Hardcover Novel (2016)', 'Audie Award for Audiobook of the Year (2016)', 'Australian Book Industry Award (ABIA) Nominee for International Book (2016)', 'Goodreads Choice Award for Mystery & Thriller (2015)', 'Waterstones Book of the Year Nominee (2015)', ""Woman & Home Reader's Choice Award for Best Thriller Of The Year (2016)""]",2111336,"['689572', '802603', '444058', '123620', '51483']",92.0,"['London, England', 'England']",2016,Paula Hawkins,4.1,82328,0.25
The Giving Tree,,4.37,English,"['Childrens', 'Picture Books', 'Classics', 'Fiction', 'Poetry', 'Young Adult', 'Fantasy', 'Juvenile', 'Kids', 'Short Stories']",Hardcover,64,HarperCollins Publishers,[],905731,"['556142', '204347', '94819', '27950', '22473']",94.0,[],2017,Shel Silverstein,4.9,15066,1.64
The Grand Design,,4.04,English,"['Science', 'Nonfiction', 'Physics', 'Philosophy', 'Popular Science', 'Astronomy', 'Audiobook', 'Religion', 'History', 'Space']",Hardcover,199,Bantam,[],63503,"['24361', '23324', '11524', '2726', '1568']",93.0,[],2010,Stephen Hawking,4.4,2006,19.95
The Great Gatsby,,3.92,English,"['Classics', 'Fiction', 'School', 'Literature', 'Historical Fiction', 'Romance', 'Novels', 'Read For School', 'High School', 'American']",Paperback,200,Scribner,['Grammy Award Nominee for Best Spoken Word Album (2003)'],3775504,"['1345866', '1266424', '798955', '252115', '112144']",90.0,"['New York City, New York (United States)', 'New York State (United States)', 'Long Island, New York (United States)']",2012,F. Scott Fitzgerald,4.4,10819,8.74
The Greater Journey: Americans in Paris,,3.92,English,"['History', 'Nonfiction', 'France', 'Biography', 'American History', 'Travel', 'Art', 'Historical', 'Audiobook', '19th Century']",Hardcover,558,Simon & Schuster Adult Publishing Group,"['Andrew Carnegie Medal Nominee for Nonfiction (2012)', 'Marfield Prize (National Award for Arts Writing) Nominee (2011)', 'Goodreads Choice Award Nominee for History & Biography (2011)']",17862,"['5702', '6840', '3881', '1015', '424']",92.0,['France'],2011,David McCullough,4.5,1204,33.0
The Guernsey Literary and Potato Peel Pie Society,,4.17,English,"['Historical Fiction', 'Fiction', 'Historical', 'Romance', 'World War II', 'Book Club', 'War', 'Adult', 'Adult Fiction', 'Books About Books']",Paperback,291,Dial Press,"['Indies Choice Book Award for Best Indie Buzz Book (Fiction) (2009)', 'LovelyBooks Leserpreis Nominee for Allgemeine Literatur (2009)']",610392,"['266691', '220413', '91717', '22141', '9430']",95.0,"['United Kingdom', 'Guernsey']",2010,Mary Ann Shaffer,4.7,10026,0.94
The Handmaid's Tale,The Handmaid's Tale #1,4.11,English,"['Fiction', 'Classics', 'Dystopia', 'Science Fiction', 'Feminism', 'Fantasy', 'Adult', 'Audiobook', 'Literature', 'Novels']",Paperback,314,Anchor Books,"['Booker Prize Nominee (1986)', 'Nebula Award Nominee for Best Novel (1986)', 'Locus Award Nominee for Best SF Novel (1987)', 'Arthur C. Clarke Award (1987)', 'Audie Award for Fiction (2013)', 'Los Angeles Times Book Prize for Fiction (1986)', 'Prometheus Award Nominee for Best Novel (1987)', 'James Tiptree Jr. Award Nominee for Retrospective (1995)', ""Governor General's Literary Awards / Prix littéraires du Gouverneur général for Fiction (1985)"", 'SF Chronicle Award Nominee for Novel (1987)', ""Commonwealth Writers' Prize Nominee for Best Book in Caribbean and Canada (1987)"", 'CBC Canada Reads Nominee (2002)', 'Metų verstinė knyga Nominee (2012)']",1459245,"['616810', '517007', '227994', '64441', '32993']",93.0,"['Cambridge, Massachusetts (United States)', 'Republic of Gilead']",2018,Margaret Atwood,4.4,37046,7.99
The Harbinger: The Ancient Mystery that Holds the Secret of America's Future,The Harbinger #1,3.96,English,"['Christian', 'Fiction', 'Christian Fiction', 'Religion', 'Christianity', 'Mystery', 'Faith', 'Spirituality', 'Historical Fiction', 'Theology']",Paperback,262,Frontline,[],21572,"['9461', '5708', '3709', '1517', '1177']",88.0,[],2013,Jonathan Cahn,4.7,13690,2.25
The Hate U Give,The Hate U Give #1,4.52,English,"['Young Adult', 'Fiction', 'Contemporary', 'Audiobook', 'Realistic Fiction', 'Race', 'Social Justice', 'Teen', 'Young Adult Contemporary', 'African American']",Hardcover,444,Balzer + Bray,"[""National Book Award Nominee for Young People's Literature (2017)"", 'Odyssey Award (2018)', 'William C. Morris YA Debut Award (2018)', 'Los Angeles Times Book Prize Nominee for Young Adult Literature (2017)', 'Edgar Award Nominee for Best Young Adult (2018)', 'Michael L. Printz Award Nominee (2018)', 'Rhode Island Teen Book Award (2019)', 'Evergreen Teen Book Award Nominee for High School (2020)', 'Coretta Scott King Book Award Nominee for Author Honor (2018)', 'Deutscher Jugendliteraturpreis for Preis der Jugendjury (2018)', 'Amelia Elizabeth Walden Award (2018)', 'Boston Globe-Horn Book Award for Fiction (2017)', 'Lincoln Award (2019)', ""Waterstones Children's Book Prize for Overall and Older Fiction (2018)"", ""Kirkus Prize Nominee for Young Readers' Literature (2017)"", 'Goodreads Choice Award for Young Adult Fiction & for Debut Goodreads Author (2017) and for Best of the Best  (2018)', 'Carnegie Medal Nominee (2018)', 'NAACP Image Award Nominee for Youth/Teens (2018)']",503674,"['319950', '139056', '34099', '6668', '3901']",98.0,"['United States of America', 'Garden Heights']",2018,Angie Thomas,4.8,14315,8.65
The Help,,4.47,English,"['Fiction', 'Historical Fiction', 'Historical', 'Adult', 'Adult Fiction', 'Contemporary', 'Audiobook', 'Classics', 'Chick Lit', 'Book Club']",Hardcover,451,Amy Einhorn Books/G.P. Putnam's Sons,"['Orange Prize Nominee for Fiction Longlist (2010)', 'Audie Award for Fiction (2010)', 'Exclusive Books Boeke Prize (2009)', 'SIBA Book Award for Fiction (2010)', 'Indies Choice Book Award for Adult Debut (2010)', 'Puddly Award for Fiction (2011)', 'Lincoln Award Nominee (2013)', 'Grand Prix des lectrices de Elle for roman (2011)', 'Goodreads Choice Award for Fiction (2009) and Nominee for Best of the Best  (2018)', 'Townsend Prize for Fiction (2010)']",2164011,"['1300564', '636115', '176679', '34643', '16010']",98.0,"['Jackson, Mississippi (United States)', 'Jackson, Mississippi (United States)', 'Mississippi (United States)']",2011,Kathryn Stockett,4.8,14772,14.97
The Hunger Games,The Hunger Games #1,4.33,English,"['Young Adult', 'Fiction', 'Dystopia', 'Fantasy', 'Science Fiction', 'Romance', 'Adventure', 'Teen', 'Post Apocalyptic', 'Action']",Hardcover,374,Scholastic Press,"['Locus Award Nominee for Best Young Adult Book (2009)', 'Georgia Peach Book Award (2009)', 'Buxtehuder Bulle (2009)', 'Golden Duck Award for Young Adult (Hal Clement Award) (2009)', ""Grand Prix de l'Imaginaire Nominee for Roman jeunesse étranger (2010)"", 'Books I Loved Best Yearly (BILBY) Awards for Older Readers (2012)', ""West Australian Young Readers' Book Award (WAYRBA) for Older Readers (2010)"", ""Red House Children's Book Award for Older Readers & Overall (2010)"", 'South Carolina Book Award for Junior and Young Adult Book (2011)', 'Charlotte Award (2010)', 'Colorado Blue Spruce Young Adult Book Award (2010)', 'Teen Buckeye Book Award (2009)', ""Pennsylvania Young Readers' Choice Award for Young Adults (2010)"", 'Rhode Island Teen Book Award (2010)', ""Dorothy Canfield Fisher Children's Book Award (2010)"", 'Evergreen Teen Book Award (2011)', 'Soaring Eagle Book Award (2009)', 'Milwaukee County Teen Book Award Nominee (2010)', 'Sakura Medal for Middle School Book (2010)', 'Michigan Library Association Thumbs Up! Award (2009)', 'Florida Teens Read (2009)', 'Deutscher Jugendliteraturpreis for Preis der Jugendjury (2010)', 'Iowa High School Book Award (2011)', 'New Mexico Land of Enchantment Award for Young Adult (2011)', 'Eliot Rosewater Indiana High School Book Award (2010)', 'The Inky Awards for Silver Inky (2009)', 'California Young Readers Medal for Young Adult (2011)', 'Lincoln Award (2011)', 'Kinderboekwinkelprijs (2010)', 'Missouri Truman Readers Award (2011)', 'CYBILS Award for Young Adult Fantasy & Science Fiction (2008)', 'Literaturpreis der Jury der jungen Leser for Jugendbuch (2010)', 'The Inky Awards Shortlist for Silver Inky (2009)', 'Prix Et-lisez-moi (2011)', 'Missouri Gateway Readers Award (2011)', 'Oklahoma Sequoyah Award for High School and Intermediate (2011)', 'Premio El Templo de las Mil Puertas for Mejor novela extranjera perteneciente a saga (2009)', ""Rebecca Caudill Young Readers' Book Award (2011)"", 'LovelyBooks Leserpreis for Fantasy (2009)', 'LovelyBooks Leserpreis for Bestes Cover/Umschlag (2009)', 'Premi Protagonista Jove for Categoria 13-14 anys (2010)']",6376780,"['3444695', '1921313', '745221', '171994', '93557']",96.0,"['District 12, Panem', 'Capitol, Panem', 'Panem (United States)']",2010,Suzanne Collins,4.7,34030,9.96
The Immortal Life of Henrietta Lacks,,4.07,English,"['Nonfiction', 'Science', 'History', 'Biography', 'Medicine', 'Audiobook', 'Book Club', 'Medical', 'Biography Memoir', 'Historical']",Hardcover,370,Crown Publishing Group,"['Ambassador Book Award for American Studies (2011)', 'Audie Award for Nonfiction (2011)', 'Chicago Tribune Heartland Prize for Nonfiction (2010)', 'Wellcome Book Prize (2010)', 'Puddly Award for Nonfiction (2011)', 'Goodreads Choice Award for  Nonfiction and Debut Author and Nominee for Favorite Book (2010)', 'AAAS/Subaru SB&F Prize for Excellence in Science Books for Young Adult Science Book (2011)']",587187,"['238511', '210677', '94444', '25799', '17756']",93.0,"['Baltimore, Maryland (United States)', 'Clover, Virginia (United States)']",2013,Rebecca Skloot,4.7,11370,0.94
The Invention of Hugo Cabret,,4.22,English,"['Historical Fiction', 'Fiction', 'Young Adult', 'Childrens', 'Graphic Novels', 'Middle Grade', 'Fantasy', 'Mystery', 'Historical', 'Picture Books']",Hardcover,533,Scholastic Press,"['Caldecott Medal (2008)', ""Book Sense Book of the Year Award for Children's Literature (2008)"", ""Flicker Tale Children's Book Award (2009)"", ""Dorothy Canfield Fisher Children's Book Award Nominee (2009)"", 'Deutscher Jugendliteraturpreis Nominee for Kinderbuch (2009)', ""Iowa Children's Choice Award (2010)"", ""Boston Author's Club Young Reader Award (2008)"", ""NAIBA Book of the Year for Children's Literature (2007)"", ""National Book Award Finalist for Young People's Literature (2007)"", ""Rebecca Caudill Young Readers' Book Award Nominee (2009)"", 'لاک\u200cپشت پرنده for نشان طلایی (2012)']",162904,"['77330', '54165', '23792', '5289', '2328']",95.0,['Paris (France)'],2011,Brian Selznick,4.8,1778,17.29
The Invention of Wings,,4.24,English,"['Historical Fiction', 'Fiction', 'Historical', 'Book Club', 'Audiobook', 'Adult Fiction', 'Adult', 'Novels', 'African American', 'Southern']",Hardcover,384,Viking,"['Florida Book Award for General Fiction - Gold (2014)', 'Goodreads Choice Award Nominee for Historical Fiction (2014)', 'International Dublin Literary Award Nominee (2016)']",263623,"['114842', '107431', '33773', '5446', '2131']",97.0,"['Charleston, South Carolina (United States)']",2014,Sue Monk Kidd,4.7,15174,20.98
The Life-Changing Magic of Tidying Up: The Japanese Art of Decluttering and Organizing,Magic Cleaning #1,3.84,English,"['Nonfiction', 'Self Help', 'Audiobook', 'Personal Development', 'Psychology', 'Japan', 'How To', 'Adult', 'Productivity', 'Reference']",Hardcover,213,Ten Speed Press,[],279060,"['87635', '96062', '67288', '20499', '7576']",90.0,[],2015,Marie Kondō,4.5,24520,0.94
The Litigators,,3.81,English,"['Fiction', 'Thriller', 'Mystery', 'Legal Thriller', 'Crime', 'Audiobook', 'Suspense', 'Mystery Thriller', 'Law', 'Adult Fiction']",Audio,,Random House Audio,[],64275,"['14854', '27176', '18148', '3411', '686']",94.0,"['Chicago, Illinois (United States)']",2011,John Grisham,4.4,6870,16.71
The Longest Ride,,4.15,English,"['Romance', 'Fiction', 'Chick Lit', 'Contemporary', 'Adult', 'Audiobook', 'Adult Fiction', 'Contemporary Romance', 'Drama', 'Realistic Fiction']",Hardcover,398,Grand Central Publishing,"['Audie Award for Romance (2014)', 'Goodreads Choice Award Nominee for Romance (2013)']",112204,"['47929', '39691', '19095', '4208', '1281']",95.0,[],2013,Nicholas Sparks,4.6,11311,22.26
The Magnolia Story,,4.19,English,"['Nonfiction', 'Biography', 'Memoir', 'Audiobook', 'Autobiography', 'Biography Memoir', 'Christian', 'Adult', 'Inspirational', 'Business']",Kindle Edition,208,Thomas Nelson,[],82243,"['39383', '26476', '11133', '2957', '2294']",94.0,[],2016,Chip Gaines,4.8,8634,13.46
The Martian,The Martian #1,4.4,English,"['Science Fiction', 'Fiction', 'Audiobook', 'Adventure', 'Space', 'Adult', 'Science Fiction Fantasy', 'Thriller', 'Humor', 'Survival']",Hardcover,384,Crown,"['Kurd-Laßwitz-Preis for Bestes ausländisches Werk (2015)', 'John W. Campbell Memorial Award Nominee for Best Science Fiction Novel (2015)', 'ITW Thriller Award Nominee for Best First Novel (2015)', 'Audie Award for Science Fiction (2015)', 'ALA Alex Award (2015)', 'Premio Ignotus for Mejor novela extranjera (Best Foreign Novel) (2015)', '本屋大賞 Nominee for Translated Fiction (2015)', 'Goodreads Choice Award for Science Fiction & Nominee for Debut Goodreads Author (2014) and Nominee for Best of the Best  (2018)', 'Green Mountain Book Award Nominee (2016)', 'Seiun Award 星雲賞 for Best Foreign Novel (2015)']",817411,"['458260', '260529', '74433', '16902', '7287']",97.0,"['Mars', 'Houston, Texas (United States)']",2015,Andy Weir,4.7,41268,0.94
The Omnivore's Dilemma: A Natural History of Four Meals,,4.17,English,"['Nonfiction', 'Food', 'Science', 'Health', 'History', 'Nutrition', 'Environment', 'Cooking', 'Audiobook', 'Politics']",Hardcover,450,The Penguin Press,"['California Book Award for Nonfiction (Gold) (2006)', 'Orion Book Award Nominee (2007)', 'National Book Critics Circle Award Nominee for General Nonfiction (2006)']",182235,"['76966', '70543', '26440', '5787', '2499']",95.0,[],2010,Michael Pollan,4.6,2534,0.94
The One and Only Ivan,The One and Only Ivan #1,4.25,English,"['Middle Grade', 'Fiction', 'Animals', 'Childrens', 'Young Adult', 'Fantasy', 'Juvenile', 'Audiobook', 'Realistic Fiction', 'Chapter Books']",Hardcover,307,HarperCollins,"['Newbery Medal (2013)', 'California Book Award for Juvenile (Gold) (2012)', ""Pennsylvania Young Readers' Choice Award for Grades 3-6 (2014)"", ""Dorothy Canfield Fisher Children's Book Award Nominee (2014)"", ""Charlie May Simon Children's Book Award Nominee (2015)"", 'Bluestem Book Award (2015)', ""Goodreads Choice Award Nominee for Middle Grade & Children's (2012)"", 'SCBWI Crystal Kite Member Choice Award for California/Hawaii (2013)', 'Oklahoma Sequoyah Award for Children (2015)', ""Rebecca Caudill Young Readers' Book Award Nominee (2015)""]",140986,"['73602', '41450', '16858', '5095', '3981']",94.0,[],2013,Katherine Applegate,4.8,11779,13.7
The Outsiders,,4.1,English,"['Classics', 'Young Adult', 'Fiction', 'School', 'Realistic Fiction', 'Read For School', 'Coming Of Age', 'Historical Fiction', 'Contemporary', 'Teen']",Mass Market Paperback,192,Puffin Books (US/CAN),"['Books I Loved Best Yearly (BILBY) Awards for Secondary  (1991)', 'Margaret A. Edwards Award (1988)']",938150,"['396850', '309135', '173456', '44305', '14404']",94.0,"['Tulsa, Oklahoma (United States)']",2016,S. E. Hinton,4.8,14743,5.89
The Perks of Being a Wallflower,,4.2,English,"['Young Adult', 'Fiction', 'Contemporary', 'Coming Of Age', 'Romance', 'Realistic Fiction', 'LGBT', 'Classics', 'Mental Health', 'Teen']",Paperback,213,MTV Books/Pocket Books,[],1250155,"['599617', '392068', '188162', '50631', '19677']",94.0,"['Pittsburgh, Pennsylvania (United States)']",2013,Stephen Chbosky,4.7,13820,0.94
The Pioneers: The Heroic Story of the Settlers Who Brought the American Ideal West,,3.76,English,"['History', 'Nonfiction', 'American History', 'Audiobook', 'Historical', 'Biography', 'Adventure', 'Westerns', 'Adult', '19th Century']",Kindle Edition,352,Simon & Schuster,['Goodreads Choice Award Nominee for History & Biography (2019)'],13749,"['3197', '5491', '3949', '828', '284']",92.0,"['Ohio (United States)', 'Indiana (United States)', 'Michigan (United States)', 'Illinois (United States)', 'Wisconsin (United States)']",2019,David McCullough,4.5,4192,18.93
The Power of Habit: Why We Do What We Do in Life and Business,,4.1,English,"['Nonfiction', 'Psychology', 'Self Help', 'Business', 'Personal Development', 'Productivity', 'Science', 'Audiobook', 'Leadership', 'Sociology']",Hardcover,375,Random House,"['Financial Times and McKinsey Business Book of the Year Nominee for Longlist (2012)', 'Goodreads Choice Award Nominee for Nonfiction (2012)']",343452,"['137742', '128611', '58483', '12468', '6148']",95.0,[],2013,Charles Duhigg,4.6,13094,19.47
The Racketeer,,3.83,English,"['Fiction', 'Mystery', 'Thriller', 'Crime', 'Legal Thriller', 'Suspense', 'Mystery Thriller', 'Audiobook', 'Novels', 'Drama']",Hardcover,340,Doubleday,[],88545,"['22552', '36329', '23026', '5250', '1388']",93.0,"['Roanoke, Virginia (United States)', 'Frostburg, Maryland (United States)', 'Florida (United States)', 'Antigua (Antigua and Barbuda)']",2012,John Grisham,4.3,15885,22.17
The Reason I Jump: The Inner Voice of a Thirteen-Year-Old Boy with Autism,,3.82,English,"['Nonfiction', 'Memoir', 'Psychology', 'Biography', 'Biography Memoir', 'Japan', 'Autobiography', 'Mental Health', 'Education', 'Japanese Literature']",Hardcover,135,Random House,['Goodreads Choice Award Nominee for Memoir & Autobiography (2013)'],42665,"['12535', '15186', '10776', '3053', '1115']",90.0,[],2013,Naoki Higashida,4.6,4716,15.26
The Road Back to You: An Enneagram Journey to Self-Discovery,,4.26,English,"['Nonfiction', 'Self Help', 'Psychology', 'Christian', 'Personal Development', 'Spirituality', 'Audiobook', 'Faith', 'Religion', 'Leadership']",Hardcover,238,IVP Books,[],29065,"['13530', '10953', '3495', '670', '417']",96.0,[],2019,Ian Morgan Cron,4.7,5900,14.35
The Road to Character,,3.67,English,"['Nonfiction', 'Philosophy', 'Psychology', 'Self Help', 'Biography', 'Leadership', 'Personal Development', 'History', 'Business', 'Audiobook']",Hardcover,320,Random House,['Goodreads Choice Award Nominee for Nonfiction (2015)'],19347,"['4941', '6459', '5286', '1888', '773']",86.0,[],2015,David Brooks,4.4,2373,0.99
The Rooster Bar,,3.62,English,"['Fiction', 'Mystery', 'Thriller', 'Audiobook', 'Legal Thriller', 'Crime', 'Suspense', 'Mystery Thriller', 'Contemporary', 'Law']",Hardcover,368,Doubleday,[],74510,"['16897', '25184', '22372', '7355', '2702']",87.0,[],2017,John Grisham,4.1,10093,1.15
The Silent Patient,,4.09,English,"['Mystery', 'Thriller', 'Fiction', 'Mystery Thriller', 'Audiobook', 'Suspense', 'Crime', 'Adult', 'Psychological Thriller', 'Contemporary']",Hardcover,325,Celadon Books,['Goodreads Choice Award for Mystery & Thriller and Nominee for Debut Novel (2019)'],507237,"['192006', '202843', '86249', '19365', '6774']",95.0,"['London, England']",2019,Alex Michaelides,4.5,50122,10.4
"The Social Animal: The Hidden Sources of Love, Character, and Achievement",,3.86,English,"['Nonfiction', 'Psychology', 'Sociology', 'Science', 'Philosophy', 'Self Help', 'Social Science', 'Audiobook', 'Politics', 'Business']",Hardcover,424,Random House,"['Andrew Carnegie Medal Nominee for Nonfiction (2012)', 'Goodreads Choice Award Nominee for Nonfiction (2011)']",21213,"['6542', '7674', '4971', '1512', '514']",90.0,[],2011,David Brooks,4.3,684,21.53
"The Splendid and the Vile: A Saga of Churchill, Family, and Defiance During the Blitz",,4.23,,"['History', 'Nonfiction', 'Biography', 'World War II', 'War', 'Audiobook', 'Historical', 'Politics', 'British Literature', 'Biography Memoir']",Kindle Edition,464,Crown,[],42480,"['19726', '15837', '4884', '1205', '828']",95.0,"['Buckinghamshire, England (United Kingdom)', 'Oxfordshire, England', 'London, England']",2020,Erik Larson,4.7,11733,14.77
The Subtle Art of Not Giving a F*ck: A Counterintuitive Approach to Living a Good Life,,3.94,English,"['Nonfiction', 'Self Help', 'Psychology', 'Audiobook', 'Personal Development', 'Philosophy', 'Business', 'Humor', 'Adult', 'Unfinished']",ebook,224,Harper,[],529645,"['193399', '178900', '105988', '34536', '16822']",90.0,[],2020,Mark Manson,4.6,37407,15.8
The Sun and Her Flowers,,4.16,English,"['Poetry', 'Feminism', 'Nonfiction', 'Adult', 'Contemporary', 'Romance', 'Mental Health', 'Canada', 'Womens', 'Love']",Paperback,256,Andrews McMeel Publishing,['Goodreads Choice Award for Poetry (2017)'],142061,"['68045', '42037', '21739', '6642', '3598']",93.0,[],2017,Rupi Kaur,4.8,8177,8.75
The Tipping Point: How Little Things Can Make a Big Difference,,3.97,English,"['Nonfiction', 'Business', 'Psychology', 'Sociology', 'Science', 'Self Help', 'Economics', 'Audiobook', 'Leadership', 'Philosophy']",Paperback,301,Back Bay Books,[],689776,"['245885', '254161', '136187', '33268', '20275']",92.0,[],2011,Malcolm Gladwell,4.4,3965,0.94
The Very Hungry Caterpillar,,4.3,English,"['Picture Books', 'Childrens', 'Fiction', 'Classics', 'Animals', 'Food', 'Counting', 'Storytime', 'Kids', 'Mathematics']",Board book,26,Puffin Books,['California Young Readers Medal Nominee for Primary (1976)'],396110,"['228021', '90789', '53120', '15051', '9129']",94.0,[],2020,Eric Carle,4.9,30478,0.94
The Wright Brothers,,4.14,English,"['History', 'Biography', 'Nonfiction', 'American History', 'Aviation', 'Audiobook', 'Historical', 'Biography Memoir', 'Science', 'Technology']",Hardcover,320,Simon & Schuster,"['Goodreads Choice Award Nominee for History & Biography (2015)', 'National Aviation Hall of Fame Combs Gates Award - (2016)']",74798,"['32717', '26918', '10171', '2736', '2256']",93.0,[],2015,David McCullough,4.7,6495,16.74
"Thinking, Fast and Slow",,4.16,English,"['Nonfiction', 'Psychology', 'Science', 'Business', 'Economics', 'Self Help', 'Personal Development', 'Philosophy', 'Audiobook', 'Unfinished']",Hardcover,499,"Farrar, Straus and Giroux","['Los Angeles Times Book Prize for Current Interest (2011)', 'Best Book of Ideas Prize Nominee (2012)', 'Samuel Johnson Prize for Non-Fiction Nominee for Longlist (2012)', 'Andrew Carnegie Medal Nominee for Nonfiction (2012)']",309325,"['142837', '99486', '47193', '12650', '7159']",94.0,[],2016,Daniel Kahneman,4.6,14714,15.99
Through My Eyes,,3.94,English,"['Sports', 'Biography', 'Nonfiction', 'Christian', 'Football', 'Autobiography', 'Memoir', 'Inspirational', 'Faith', 'Audiobook']",Hardcover,272,Harper,[],10638,"['4017', '3335', '2244', '691', '351']",90.0,[],2011,Tim Tebow,4.7,813,15.7
To Kill a Mockingbird,To Kill a Mockingbird,4.28,English,"['Classics', 'Fiction', 'Historical Fiction', 'School', 'Literature', 'Young Adult', 'Historical', 'Novels', 'Read For School', 'High School']",Paperback,324,Harper Perennial Modern Classics,"['Pulitzer Prize for Fiction (1961)', 'Audie Award for Classic (2007)', 'National Book Award Finalist for Fiction (1961)', 'Alabama Author Award for Fiction (1961)']",4501075,"['2363896', '1333153', '573280', '149952', '80794']",95.0,"['Maycomb, Alabama (United States)']",2013,Harper Lee,4.8,35375,0.35
"Tools of Titans: The Tactics, Routines, and Habits of Billionaires, Icons, and World-Class Performers",,4.09,English,"['Business', 'Nonfiction', 'Self Help', 'Personal Development', 'Productivity', 'Psychology', 'Leadership', 'Entrepreneurship', 'Health', 'Philosophy']",Kindle Edition,707,Houghton Mifflin Harcourt,['Goodreads Choice Award Nominee for Nonfiction (2017)'],30133,"['13199', '9800', '4732', '1569', '833']",92.0,[],2017,Timothy Ferriss,4.7,5089,8.79
Turtles All the Way Down,,3.95,English,"['Young Adult', 'Fiction', 'Contemporary', 'Mental Health', 'Romance', 'Audiobook', 'Realistic Fiction', 'Mental Illness', 'Mystery', 'Teen']",Hardcover,286,Dutton Books for Young Readers,"['Lincoln Award Nominee (2020)', 'Goodreads Choice Award Nominee for Young Adult Fiction (2017)', 'Alabama Author Award for Young Adult (2020)', 'Hea Noorteraamat (2018)']",314236,"['104353', '117614', '69075', '17866', '5328']",93.0,"['Indianapolis, Indiana (United States)', 'Indiana (United States)']",2017,John Green,4.6,5894,9.98
Untamed,"Splintered #1.5, 3.5",4.13,English,"['Fantasy', 'Young Adult', 'Retellings', 'Romance', 'Fairy Tales', 'Magic', 'Short Stories', 'Paranormal', 'Fiction', 'Audiobook']",ebook,288,Amulet Books,[],4886,"['2216', '1456', '915', '231', '68']",94.0,[],2020,Glennon Doyle,4.6,32702,15.89
What Happened,,3.92,English,"['Nonfiction', 'Politics', 'Memoir', 'Biography', 'Audiobook', 'History', 'Feminism', 'Biography Memoir', 'Autobiography', 'Womens']",Kindle Edition,512,Simon & Schuster,['Goodreads Choice Award for Memoir & Autobiography (2017)'],53165,"['17257', '21237', '10002', '2556', '2113']",91.0,[],2017,Hillary Rodham Clinton,4.6,5989,18.99
When Breath Becomes Air,,4.36,English,"['Nonfiction', 'Memoir', 'Biography', 'Medicine', 'Medical', 'Audiobook', 'Biography Memoir', 'Autobiography', 'Philosophy', 'Science']",Kindle Edition,208,Random House,"['Pulitzer Prize Nominee for Biography or Autobiography (2017)', 'Wellcome Book Prize Nominee (2017)', 'Goodreads Choice Award for Memoir & Autobiography (2016)', 'Waterstones Book of the Year Nominee (2016)', 'Book of the Month Book of the Year Award Nominee (2016)', 'Jan Michalski Prize Nominee for Longlist (2017)']",415362,"['230251', '125568', '43622', '10017', '5904']",96.0,[],2016,Paul Kalanithi,4.7,16217,14.67
Where the Crawdads Sing,,4.47,English,"['Fiction', 'Historical Fiction', 'Mystery', 'Audiobook', 'Adult', 'Book Club', 'Romance', 'Adult Fiction', 'Historical', 'Coming Of Age']",ebook,384,G.P. Putnam’s Sons,"['Edgar Award Nominee for Best First Novel by an American Author (2019)', 'Goodreads Choice Award Nominee for Historical Fiction (2018)']",975284,"['599977', '270508', '78092', '18729', '7978']",97.0,"['North Carolina Coast (United States)', 'North Carolina (United States)']",2020,Delia Owens,4.8,126619,4.55
Where's Spot?,Spot the Dog,4.1,English,"['Picture Books', 'Childrens', 'Animals', 'Dogs', 'Fiction', 'Storytime', 'Classics', 'Spanish Literature', 'Juvenile', 'Family']",Paperback,24,Puffin,[],16901,"['7764', '4410', '3559', '910', '258']",93.0,[],2020,Eric Hill,4.8,14081,1.23
"Whiskey in a Teacup: What Growing Up in the South Taught Me About Life, Love, and Baking Biscuits",,3.63,English,"['Nonfiction', 'Memoir', 'Audiobook', 'Cookbooks', 'Biography', 'Food', 'Cooking', 'Autobiography', 'Biography Memoir', 'Adult']",Kindle Edition,299,Touchstone,['Goodreads Choice Award Nominee for Nonfiction (2018)'],22951,"['5346', '7488', '7072', '2277', '768']",87.0,[],2018,Reese Witherspoon,4.8,2877,13.87
White Fragility: Why It's So Hard for White People to Talk About Racism,,4.3,English,"['Nonfiction', 'Race', 'Social Justice', 'Anti Racist', 'Politics', 'Audiobook', 'Sociology', 'History', 'Psychology', 'Adult']",Paperback,169,Beacon Press,[],95405,"['47999', '33654', '9954', '2203', '1595']",96.0,[],2020,Robin DiAngelo,4.5,27495,9.6
Wild: From Lost to Found on the Pacific Crest Trail,,4.01,English,"['Nonfiction', 'Memoir', 'Travel', 'Biography', 'Adventure', 'Audiobook', 'Biography Memoir', 'Autobiography', 'Nature', 'Book Club']",Hardcover,315,Knopf,"['Oregon Book Award Nominee for Creative Nonfiction (Finalist) (2013)', 'Indies Choice Book Award for Adult Nonfiction (2013)', 'Puddly Award for Nonfiction (2013)', 'Goodreads Choice Award for Memoir & Autobiography (2012)']",615431,"['221539', '234006', '116838', '30551', '12497']",93.0,['Oregon (United States)'],2012,Cheryl Strayed,4.5,18573,20.09
Wonder,Wonder #1,4.44,English,"['Young Adult', 'Fiction', 'Middle Grade', 'Contemporary', 'Realistic Fiction', 'Childrens', 'School', 'Family', 'Coming Of Age', 'Juvenile']",Hardcover,315,Alfred A. Knopf,"['Josette Frank Award (2013)', 'Texas Bluebonnet Award Nominee (2013)', ""West Australian Young Readers' Book Award (WAYRBA) for Younger Readers (2013)"", ""South Carolina Book Award for Children's Book (2014)"", ""Dorothy Canfield Fisher Children's Book Award (2014)"", ""Charlie May Simon Children's Book Award (2015)"", 'Deutscher Jugendliteraturpreis for Preis der Jugendjury (2014)', 'New Mexico Land of Enchantment Award for Children (2014)', 'California Young Readers Medal for Intermediate (2015)', 'James Cook Book Award Nominee (2013)', ""Judy Lopez Memorial Award for Children's Literature (2013)"", ""Louisiana Young Readers' Choice for Grades 3-5 (2015)"", 'NAIBA Book of the Year for Middle Readers (2012)', ""Waterstones Children's Book Prize for 5-12 years (2013)"", 'Washington State Sasquatch Award Nominee (2015)', 'Bluestem Book Award (2014)', ""Goodreads Choice Award Nominee for Middle Grade & Children's (2012)"", 'Carnegie Medal Nominee (2013)', ""North Carolina Children's Book Award (2014)"", 'Premio El Templo de las Mil Puertas Nominee for Mejor novela extranjera independiente (2012)', 'Rhode Island Children’s Book Award (2014)', 'FAB Award Nominee (2014)', ""Rebecca Caudill Young Readers' Book Award (2014)"", 'Hea Lasteraamat (2014)']",733486,"['441112', '202834', '65871', '15235', '8434']",97.0,"['Upper Manhattan, New York (United States)', 'New York City, New York (United States)', 'United States of America', 'New York State (United States)']",2016,R. J. Palacio,4.8,26081,0.35
Yes Please,,3.83,English,"['Nonfiction', 'Memoir', 'Humor', 'Audiobook', 'Biography', 'Comedy', 'Autobiography', 'Biography Memoir', 'Feminism', 'Adult']",Hardcover,329,Dey St.,"['Audie Award for Humor (2015)', 'Grammy Award Nominee for Best Spoken Word Album (2016)', 'Australian Book Industry Award (ABIA) Nominee for International Book (2015)', 'Goodreads Choice Award for Humor (2014)']",430084,"['133258', '148607', '104845', '29072', '14302']",90.0,"['Burlington, Massachusetts (United States)', 'Chicago, Illinois (United States)', 'New York City, New York (United States)']",2014,Amy Poehler,4.3,4487,22.25
You Are a Badass: How to Stop Doubting Your Greatness and Start Living an Awesome Life,,3.95,,"['Self Help', 'Nonfiction', 'Personal Development', 'Audiobook', 'Psychology', 'Business', 'Inspirational', 'Adult', 'Unfinished', 'Spirituality']",Paperback,244,Running Press Adult,['Audie Award for Personal Development (2014)'],142136,"['56892', '42514', '26703', '10241', '5786']",89.0,[],2019,Jen Sincero,4.7,20403,1.4
